,"CBOE Volatility Index - MF2-GARCH Volatility","CBOE Volatility Index - MF2-GARCH Trend","CBOE Volatility Index - GJR-GARCH Volatility"
2016-01-04,1.4529503542791817,1.1640681474896561,1.4069268339185235
2016-01-05,1.334933607337833,1.1650156290797133,1.2934215461325824
2016-01-06,1.319125660428149,1.1654264301104553,1.2790348204798805
2016-01-07,1.8628483030026894,1.166433518036926,1.8305703045772372
2016-01-08,1.7651617602928067,1.1672934849471233,1.7503817183688821
2016-01-11,1.5919234780604248,1.1680892859708971,1.5888836080720325
2016-01-12,1.449046434038606,1.1689538553766783,1.4494939158202769
2016-01-13,1.5717846379195848,1.1691776032750543,1.568652489240367
2016-01-14,1.4318521865052969,1.1694004463826753,1.4320839542429071
2016-01-15,1.5805042220759804,1.1697890271326707,1.5762104948261193
2016-01-19,1.4389675298629916,1.1699198895650933,1.4385864937500283
2016-01-20,1.387068951422387,1.1700552602334644,1.3838352185141118
2016-01-21,1.281243616179218,1.1700940269909936,1.2737071421641633
2016-01-22,1.1965783467872049,1.1705982009212212,1.1800363231697575
2016-01-25,1.2619636698415688,1.1709973595187992,1.2357840976481287
2016-01-26,1.181206225855587,1.1714136997662268,1.14793175406903
2016-01-27,1.1337484165369316,1.1718411820720418,1.0910756087457916
2016-01-28,1.079697040840624,1.1721609121618073,1.0263098304118499
2016-01-29,1.0377273977302517,1.1727180274899844,0.9724277021969294
2016-02-01,1.005188704671914,1.1731446048974525,0.9279214061546377
2016-02-02,1.19906821323893,1.173794861123527,1.1257250303693171
2016-02-03,1.131476748324949,1.1740812203591369,1.0552886410835662
2016-02-04,1.0800357660744389,1.174299592097349,0.9984756281452242
2016-02-05,1.1491677840942114,1.1745742428641963,1.068857739832575
2016-02-08,1.3349190717043486,1.174444971890978,1.2655009917024957
2016-02-09,1.2484450168109127,1.1742694409717047,1.182398308523824
2016-02-10,1.1702079507506349,1.1739842009158385,1.1028885601002487
2016-02-11,1.212367355218706,1.1737316337221213,1.146218507964341
2016-02-12,1.1415118974412837,1.1735071435658158,1.0724735744996239
2016-02-16,1.0855888724558667,1.1733159011962635,1.0107942520612194
2016-02-17,1.0417884506942856,1.1730642642242581,0.9595799268429912
2016-02-18,1.0078111073013634,1.1728242835139457,0.9173573044348642
2016-02-19,0.9816638304429884,1.1726218623239122,0.8827836518649403
2016-02-22,0.9617148433917404,1.1725117193444166,0.8546518659664881
2016-02-23,1.1064110628514159,1.1720093361402886,1.0093764352311778
2016-02-24,1.0574601779736201,1.1713796020078204,0.9584071598230055
2016-02-25,1.0193739549350866,1.170838745515368,0.9163939676798402
2016-02-26,1.023511772282078,1.1703238013473023,0.9193089099970695
2016-02-29,1.0278110682416297,1.1698295260421494,0.923021208857088
2016-03-01,0.9965714625655302,1.1697086714220768,0.8874081338369624
2016-03-02,0.9725957433589764,1.1696242165755633,0.8584048205829228
2016-03-03,0.9540622809858904,1.1692715732454972,0.8349213974979921
2016-03-04,0.9424477534590444,1.1689188235288197,0.8188935315411888
2016-03-07,0.9538517431970231,1.168595295215585,0.8292583698703319
2016-03-08,1.0789485047952938,1.168333151117437,0.968336131722864
2016-03-09,1.0355418581592923,1.167808362703402,0.9245549697016398
2016-03-10,1.0018341419616323,1.1672861448676584,0.8886611322658373
2016-03-11,0.9760390524973886,1.1670182003722136,0.8594221640148687
2016-03-14,0.9733227666093093,1.1666647693317906,0.8551473767719808
2016-03-15,0.9538896539956809,1.1660860688645587,0.8322921362117991
2016-03-16,0.9393454827697848,1.1659128457993762,0.8138933099614469
2016-03-17,0.9282143890287415,1.16562750653886,0.7991472279874341
2016-03-18,0.9197668487176519,1.1653481522703848,0.787372869738347
2016-03-21,0.9132965980446878,1.1649933493372397,0.7780013547546045
2016-03-22,0.9293209972878047,1.1645582681858389,0.7950713628348087
2016-03-23,0.9965174740063517,1.1640104535613072,0.8719284970684236
2016-03-24,0.9711501840601174,1.1634671460767596,0.8458552429346289
2016-03-28,0.9816298161730826,1.1627771979188446,0.8591192140791638
2016-03-29,0.9596514867388056,1.1623629674073415,0.8354982872513864
2016-03-30,0.9428146731993515,1.1619223468029178,0.8164690122717457
2016-03-31,0.9517647209263433,1.1608405782018476,0.8268538806826754
2016-04-01,0.9361116664159249,1.159861224457478,0.8095284627485312
2016-04-04,1.071371817811165,1.1590697752939638,0.9617823142478759
2016-04-05,1.2091936817565663,1.158490761292467,1.1169991172780755
2016-04-06,1.1364592223216812,1.1580594388890408,1.0479815799907934
2016-04-07,1.4652631681715065,1.1578973115090994,1.3988046697091057
2016-04-08,1.3429216298801654,1.1577649813325674,1.2864846520654647
2016-04-11,1.3101563234973146,1.1576820496146598,1.25958403133733
2016-04-12,1.2172667448016479,1.157494179682991,1.1680701930962882
2016-04-13,1.1430468021914064,1.1573908708815703,1.0908321447408853
2016-04-14,1.0842936152168379,1.1572891859859402,1.0261066260384444
2016-04-15,1.0378093524342513,1.1567167968003231,0.9722592432062551
2016-04-18,1.0015873521565655,1.15610870423157,0.927782621091816
2016-04-19,0.9735512251545884,1.1554736846852032,0.8912991215074769
2016-04-20,0.9522235913901735,1.1548318786732552,0.8618390058473798
2016-04-21,1.0010261255331951,1.1542485555546518,0.9096937946364151
2016-04-22,0.9728254087964602,1.1536551079070383,0.8765336319845349
2016-04-25,1.0547150136411256,1.153189745011635,0.9633626606839191
2016-04-26,1.0141752097147712,1.1526914018938461,0.9204655126619357
2016-04-27,0.9824818715884788,1.1518864944081946,0.8853210332980913
2016-04-28,1.2008692201901088,1.1513965607035659,1.1200383868421653
2016-04-29,1.1508055839280587,1.1509011634367219,1.074091420690064
2016-05-02,1.0889788592989305,1.1503761993365473,1.012142487992674
2016-05-03,1.1292407909741837,1.1497480958888342,1.0558451306891556
2016-05-04,1.0910696036458902,1.1489292824190702,1.017795900954607
2016-05-05,1.0413349259484195,1.1479407545688063,0.9653746236565368
2016-05-06,1.0022284769452523,1.1466702176301606,0.9221195410574489
2016-05-09,0.9718102222141934,1.1453706596556419,0.8866717701607513
2016-05-10,0.9483496633626227,1.1441657677102561,0.857806908342431
2016-05-11,1.07620148671148,1.1430074487946262,0.9937658738354824
2016-05-12,1.0285110675145892,1.1417582388579468,0.9455086631015074
2016-05-13,1.038392804289398,1.1405661015478235,0.9568595821749396
2016-05-16,0.9987728931043333,1.1393947235264872,0.9151229032212013
2016-05-17,1.0573561519185484,1.138323978487671,0.9777551288538454
2016-05-18,1.0280931105692712,1.1372718355784601,0.9483622852053956
2016-05-19,1.004858730369598,1.1362405643172577,0.9238641718347996
2016-05-20,0.9722951403766246,1.1352857155800034,0.8880967852661106
2016-05-23,0.9901596234951211,1.1342957392144255,0.9059928079184734
2016-05-24,0.9607290981332876,1.1334458646093337,0.8735180730814903
2016-05-25,0.9380626695482558,1.1326428545662575,0.8471423351479962
2016-05-26,0.9206767054726648,1.131879016503089,0.8258380688730691
2016-05-27,0.9071030503752041,1.130809511810013,0.8087137120143321
2016-05-31,1.0607812498342908,1.1299521087196571,0.9753092740254242
2016-06-01,1.0145836249417788,1.128990937076113,0.9303072460214421
2016-06-02,0.9784982779749793,1.1279852711804352,0.8933632295992487
2016-06-03,0.9505129857082437,1.1269685337222155,0.8632422510512331
2016-06-06,0.9338595333346444,1.1259606138759917,0.844265967571831
2016-06-07,0.9394061102632876,1.1248099839528451,0.849417162529696
2016-06-08,0.9200768076633604,1.123661539788561,0.827813805151859
2016-06-09,0.9478276362292882,1.1224241390846867,0.8576589811807488
2016-06-10,1.4327136029227894,1.1217681418189769,1.3724415003926396
2016-06-13,1.996544875528722,1.121745115433983,1.9613537467779747
2016-06-14,1.7790288361912518,1.1216717648224903,1.7718710111066214
2016-06-15,1.597340752626064,1.1215847038899915,1.607480289148206
2016-06-16,1.4467135874111368,1.1214075280646194,1.4655081371319643
2016-06-17,1.3231439921641184,1.1212151533046635,1.3436181019917826
2016-06-20,1.222680421042228,1.1210600608352794,1.2394297898630644
2016-06-21,1.142541608870329,1.1207479002880174,1.1518181262682057
2016-06-22,1.4590047648996902,1.120813329685189,1.4557972743483207
2016-06-23,1.333718108147295,1.12120324116549,1.3352190966279653
2016-06-24,3.1593214081508076,1.1242801216778673,3.1415699196420888
2016-06-27,2.772285439849223,1.127308144209027,2.8052182374995356
2016-06-28,2.4422046842965477,1.1305204394437103,2.5096643042446933
2016-06-29,2.1612190726532097,1.1335509110754576,2.2505069828818574
2016-06-30,1.9236609160660305,1.1365822821071954,2.0238490951649535
2016-07-01,1.7240884896083495,1.1395658962956026,1.826230872589772
2016-07-05,1.6052086967120505,1.1425504312720731,1.698713277748779
2016-07-06,1.459657070684755,1.145524440594787,1.544214324502917
2016-07-07,1.3403300205546393,1.1484484002339852,1.4110711548323849
2016-07-08,1.243840173012594,1.1515635423197454,1.296962253884052
2016-07-11,1.181008015214122,1.1546128805794609,1.2136805131499804
2016-07-12,1.1161386688041948,1.1568886739872597,1.1292723675004184
2016-07-13,1.0647046745459512,1.1585652610017272,1.0582609432460408
2016-07-14,1.0247584417803055,1.1602342125622742,0.9989607199484872
2016-07-15,0.9940631529233946,1.1618928504814892,0.9497980859108951
2016-07-18,0.9707132408698256,1.1635330970797522,0.9093275053576682
2016-07-19,0.9531764936253936,1.1652113696664652,0.8762350164196818
2016-07-20,0.9400920550669493,1.1668372328649785,0.8493429907875851
2016-07-21,1.0932200876310314,1.1686746493357338,1.005297376898995
2016-07-22,1.0485271670300202,1.1701779095505094,0.9550341941522303
2016-07-25,1.1278627256896117,1.171234379618358,1.0378594933804866
2016-07-26,1.0779270105160181,1.169666552484083,0.9870948465066566
2016-07-27,1.0340469699196455,1.16809586592882,0.9400046638182176
2016-07-28,0.9996501668083692,1.1663123115186602,0.9013001209364171
2016-07-29,0.9729984316534122,1.1646161513563171,0.8696971955801628
2016-08-01,1.0108378801766384,1.162975048743523,0.9092086097260628
2016-08-02,1.110760312578731,1.1614749416151862,1.0186006342036118
2016-08-03,1.0583430937082738,1.1599907085834782,0.9660409556535376
2016-08-04,1.0173000973164212,1.1585273048141767,0.9226673116568073
2016-08-05,0.9855479531712296,1.1572945208545664,0.8871191441965391
2016-08-08,0.9633102117179075,1.1558561554103521,0.8609606332463756
2016-08-09,0.9488502895610035,1.154417525854489,0.8428873376673778
2016-08-10,0.9621844209921505,1.1530225617913987,0.8559048264848143
2016-08-11,0.9422485277250371,1.1516294091416734,0.8329033725469
2016-08-12,0.9268571734630962,1.150238622199759,0.8143842238157614
2016-08-15,0.9289959483227039,1.1488677574029136,0.8154745661269884
2016-08-16,1.0395472110491182,1.1476580832286243,0.9382006054144284
2016-08-17,1.0008428408096848,1.1464414176049293,0.8998226425246254
2016-08-18,0.9708801512030205,1.1453485478228889,0.8684948911766839
2016-08-19,0.9475448400999289,1.1440344924870054,0.843076565917948
2016-08-22,1.0901738962202314,1.1428490293997715,0.99962155438946
2016-08-23,1.0413320219795414,1.1415333109462904,0.9525178297543831
2016-08-24,1.166715312319162,1.1404141931771983,1.0898628317361778
2016-08-25,1.103523353626918,1.1392961880038044,1.0297634310850234
2016-08-26,1.0494402908217313,1.138181069953283,0.9753480301923001
2016-08-29,1.006927304228066,1.1369960422094705,0.9303252592507635
2016-08-30,0.9788699627631853,1.1357472095497307,0.8989075169337499
2016-08-31,0.9657723644834739,1.1343564995185598,0.8829125279437369
2016-09-01,0.9421170691586052,1.1329330536267357,0.8553607028616641
2016-09-02,0.9236433402564,1.1319613898009067,0.8324642478809525
2016-09-06,0.9095788256110627,1.130762489650236,0.8143859257133561
2016-09-07,0.8984069701421511,1.1295675597324846,0.7995411434066416
2016-09-08,0.9514752818649573,1.1284537704310267,0.8563801912702091
2016-09-09,2.605962325130584,1.1310988444870766,2.558457550947445
2016-09-12,2.2997006761750542,1.133782423571648,2.29324835113862
2016-09-13,2.3590688417254806,1.136594476495465,2.3736137259461576
2016-09-14,2.0939739539927427,1.1393674086965977,2.134598978731134
2016-09-15,1.8668792462288502,1.1420313375735363,1.922707653284815
2016-09-16,1.6765885362843205,1.1446671621043385,1.738287605662538
2016-09-19,1.5201559196345615,1.1471553600101425,1.5801853840609967
2016-09-20,1.4011364387524865,1.1496305006392271,1.4530416676750877
2016-09-21,1.2929360309002145,1.1523847482503402,1.3328596415226923
2016-09-22,1.205924206573531,1.1553054141654493,1.2302734378990712
2016-09-23,1.147816277981803,1.1580203780590392,1.1544264757878693
2016-09-26,1.6215784532362287,1.1613577743314074,1.6078133846936342
2016-09-27,1.4759032041431441,1.1647897836090426,1.4657948423978027
2016-09-28,1.356546500493072,1.1681598298178206,1.3437814509807762
2016-09-29,1.546562553536067,1.1717570959887549,1.526371945496903
2016-09-30,1.4155520393118721,1.1753453892367127,1.3957420349047311
2016-10-03,1.3176389475117984,1.1789091873422652,1.2926313581218738
2016-10-04,1.2301171407634315,1.181982959268026,1.19651032089155
2016-10-05,1.1601112722493476,1.1850800175515577,1.1147770718847783
2016-10-06,1.105100989050322,1.1881534143367178,1.0461217577318618
2016-10-07,1.1194035036571934,1.1911860912552665,1.049156661323751
2016-10-10,1.0708265741939729,1.1906042818669855,0.9913902783465248
2016-10-11,1.436573410585063,1.190471882910302,1.3708869668940618
2016-10-12,1.347969793430105,1.190212333997594,1.2878637101805455
2016-10-13,1.2991866378623207,1.1899932823339803,1.2409371974439318
2016-10-14,1.2130495604055096,1.1897214497519997,1.1522890731062236
2016-10-17,1.1451579943396457,1.1894224363110022,1.0783168884887224
2016-10-18,1.0910096663183146,1.1892094903758548,1.0156647340535163
2016-10-19,1.0487955892355765,1.1890825522225108,0.9636103486368336
2016-10-20,1.0157373046216231,1.1885256867228406,0.9206690415127469
2016-10-21,0.9901203017815563,1.1878151825936558,0.8854872489200508
2016-10-24,0.9704482799201616,1.187117308440914,0.8568455870225394
2016-10-25,0.9846221569719016,1.1858264814044255,0.8673849110977202
2016-10-26,1.0476731417765754,1.1845257380065661,0.934911347668858
2016-10-27,1.1517332347379752,1.1833540062043988,1.0500110399419618
2016-10-28,1.1582859439706588,1.1819956446620266,1.0621159767181738
2016-10-31,1.162301611458919,1.18067093806869,1.0708031583815953
2016-11-01,1.2591639226089668,1.1795131097194298,1.1780044346266274
2016-11-02,1.2138380962879687,1.1783926374515414,1.136598799928981
2016-11-03,1.495807376636444,1.1776139639117735,1.434889995783649
2016-11-04,1.376680211232805,1.176841092076581,1.324637843336812
2016-11-07,1.2734581265200673,1.1765831411336813,1.2232798322542557
2016-11-08,1.1905859733761355,1.1763250265126557,1.13742360974265
2016-11-09,1.125624066906887,1.1770998428340733,1.0650945422825149
2016-11-10,1.089385948137757,1.177865698626121,1.0203274944840015
2016-11-11,1.0464078956124137,1.1786275289505164,0.9674710972427032
2016-11-14,1.0252238467768882,1.1793749785373606,0.9369142073850734
2016-11-15,0.9971530133334604,1.1803098525387306,0.8987694387327598
2016-11-16,0.9934950125692629,1.1811740108891662,0.8873970588186554
2016-11-17,0.9730333951103631,1.1819636644161275,0.8583957199334116
2016-11-18,0.9575718416912645,1.1827329757810932,0.8349141536709028
2016-11-21,0.9459912134898505,1.1835091330446081,0.8159995808822454
2016-11-22,0.9373630075909759,1.1842611620753254,0.800832184667924
2016-11-23,0.9310398186973531,1.1849709262256185,0.7888017241360467
2016-11-25,0.9262610064123394,1.1855734612414366,0.7791371150189162
2016-11-28,1.031070854985243,1.1861562510900492,0.8972463675044887
2016-11-29,1.0024978583518271,1.186679933259175,0.8663991689746707
2016-11-30,1.0089450569778315,1.187169952449943,0.8739319561613479
2016-12-01,1.0602846315966294,1.1875822144171746,0.932632403468805
2016-12-02,1.025467774237689,1.1879602872150232,0.8956301111508032
2016-12-05,0.9986515248073273,1.1886505642954956,0.8650849438060982
2016-12-06,0.9782570643752081,1.1893588743520602,0.8403186895458176
2016-12-07,0.9966927048995594,1.1895386399777015,0.8600026906934651
2016-12-08,1.006644713888669,1.1897541746091922,0.8709484760879945
2016-12-09,0.9830084394347793,1.1885824026965905,0.8450619480251138
2016-12-12,1.0997412913953901,1.1875780765911774,0.9777944323834126
2016-12-13,1.0554833622563644,1.1865381763769762,0.9334476546652201
2016-12-14,1.053213841534567,1.1855274421117379,0.9333061812717197
2016-12-15,1.0179964322137873,1.1843569141099317,0.8958164968340335
2016-12-16,0.990763124061448,1.183239324904307,0.8652364070009999
2016-12-19,0.9697871849019248,1.1821575580268477,0.8404411841408059
2016-12-20,0.9536249073928386,1.1810487695264749,0.820443343564929
2016-12-21,0.9411650184744439,1.1799134171624628,0.8043899949651288
2016-12-22,0.9371134915259731,1.1787904393911581,0.7980467354735561
2016-12-23,0.928324064106926,1.1776725962677403,0.7865212317541085
2016-12-27,0.9820223846735877,1.1766393619117117,0.8477841824426782
2016-12-28,1.1113985459770945,1.1756546278563276,0.9954607576393959
2016-12-29,1.0864181957239119,1.1746894483224066,0.9744424128700474
2016-12-30,1.1003365630569586,1.173758578243414,0.9941227248182188
2017-01-03,1.0528462622814407,1.1729446022724177,0.9458032586114302
2017-01-04,1.0160027322797907,1.1723220342550933,0.9060516342902318
2017-01-05,0.9869189328409906,1.1710031699359313,0.8735659608753079
2017-01-06,0.9644399141470661,1.16969240572041,0.8471810054527898
2017-01-09,0.9591274659814514,1.1683583867974758,0.8395935516665192
2017-01-10,0.9427772525893907,1.1669940154088196,0.8197616458459129
2017-01-11,0.9300283350522177,1.1654774592414905,0.803843917685517
2017-01-12,0.936950786327649,1.1638085564215448,0.810678493608903
2017-01-13,0.9249349814986997,1.1621719511328779,0.7965768889441873
2017-01-17,0.9993115550217561,1.1606164172542106,0.8810589265196738
2017-01-18,1.0370936389738392,1.1591183666908225,0.9265288122881015
2017-01-19,1.0152390063428416,1.1575726620821691,0.9065815947833931
2017-01-20,0.9837551768605844,1.1562939660830198,0.8739976979374717
2017-01-23,0.9699224278260608,1.155016036252311,0.8593794994064031
2017-01-24,0.9486996911562688,1.1538596552440854,0.8357084874524131
2017-01-25,0.9323647290626131,1.152720805746127,0.8166379785437364
2017-01-26,0.9197971232831728,1.1515973515078957,0.801343050135209
2017-01-27,0.910041106763865,1.1503963525672358,0.7891236861227776
2017-01-30,1.2313557065283776,1.1495052205188108,1.142330071389176
2017-01-31,1.1541809823420242,1.1485932125865972,1.0712713773829674
2017-02-01,1.0908566321932502,1.1476251461169715,1.009792531166675
2017-02-02,1.04334688191416,1.1464539467418655,0.9615152853699206
2017-02-03,1.0036312828922782,1.1452964018104659,0.9189472759630991
2017-02-06,1.006622558857092,1.1441761193103097,0.9209825275215596
2017-02-07,0.9748825960083604,1.1430317003478074,0.8857430575511163
2017-02-08,0.9557458365067566,1.1418835965193652,0.8630318951232336
2017-02-09,0.9355857737268133,1.1408275575212934,0.8386591298018522
2017-02-10,0.9200636608409225,1.1397618066947146,0.8190101537832116
2017-02-13,0.9196247778306108,1.1386932879401723,0.8161638585480248
2017-02-14,0.9075925539579971,1.1376358380430884,0.8009637070429596
2017-02-15,1.192280908175586,1.136907051609761,1.1103029586558797
2017-02-16,1.1193771643195158,1.136108040636981,1.0423783785171294
2017-02-17,1.0616151166971954,1.1353094661809175,0.985759007060042
2017-02-21,1.0172125264663232,1.1341934279478083,0.9402337134989364
2017-02-22,0.986974850743422,1.1330759568537319,0.9075949140448067
2017-02-23,0.9577363060884766,1.1318366030483376,0.8748232301442389
2017-02-24,0.9351250718486805,1.130597228017122,0.8481993327042884
2017-02-27,0.9934414909797155,1.1294498713975756,0.9095792411879242
2017-02-28,1.0752312886072468,1.128443386262687,0.9985452839005351
2017-03-01,1.0251187619002982,1.1269506448820197,0.9494549657566704
2017-03-02,0.9859711659069954,1.1255668651839394,0.9090460384380981
2017-03-03,0.9556639639538577,1.1243583450128345,0.8760056301188938
2017-03-06,0.9498817905402757,1.1231737657192675,0.8683981183765889
2017-03-07,0.9370380589922696,1.1218013888385057,0.8534871246832023
2017-03-08,0.9519631463454876,1.120437452069503,0.8687689013771154
2017-03-09,0.9651533681234294,1.1191222935854688,0.8832118817135557
2017-03-10,0.9385252857541986,1.1178991421411861,0.8549992842102268
2017-03-13,0.9179043479578906,1.116616313690607,0.8321726815991979
2017-03-14,1.0729522207442417,1.1155704657259442,0.9988992922211929
2017-03-15,1.0216948448533936,1.1145966660635587,0.9497472758581621
2017-03-16,0.9815770596341381,1.113632424096928,0.909285796655815
2017-03-17,0.9510769937286885,1.112225277540481,0.8773487356804021
2017-03-20,0.927149405435823,1.1108181633372765,0.8511044518741515
2017-03-21,1.1382510320663013,1.1097190509313608,1.0751104650220833
2017-03-22,1.0895546851810607,1.1086403294125646,1.0313732631787582
2017-03-23,1.0478512413506031,1.1075745500868102,0.9917107582354846
2017-03-24,1.0006767729891606,1.1065176510114965,0.9438125873286497
2017-03-27,0.9638492143483854,1.1054899456801948,0.904419906901656
2017-03-28,0.935364745968117,1.1045778705007627,0.8722371099649453
2017-03-29,0.9132706608667553,1.103533743933551,0.8461050147588064
2017-03-30,0.8994156302844641,1.1024742282702122,0.8284344295114732
2017-03-31,1.017902979659653,1.1014907952407047,0.9528397472817767
2017-04-03,0.9762574537487537,1.1003334712713233,0.9118417362678679
2017-04-04,0.9438505008739466,1.0992341916079575,0.878284603075791
2017-04-05,1.1224987875271848,1.0983935524209891,1.0664903881423404
2017-04-06,1.0580831668635504,1.0975503177531316,1.005810246517702
2017-04-07,1.0440018275846072,1.0967040220588233,0.9939442519578249
2017-04-10,1.1808034756046408,1.0959765289457617,1.13749350767378
2017-04-11,1.2148775493851223,1.0953314950278752,1.1788213299732917
2017-04-12,1.1778114619921136,1.094495110998674,1.1475118352330838
2017-04-13,1.1047569470250007,1.093581931087013,1.0770225958632438
2017-04-17,1.0433733291588394,1.092808200920912,1.0145856119618493
2017-04-18,0.9950063778690065,1.092044422173384,0.9627171173299038
2017-04-19,0.9896508657097209,1.0913193648057382,0.9534218059180313
2017-04-20,0.9527662210636983,1.0903637741597985,0.9123007990789003
2017-04-21,0.9550756200427273,1.0894316334676537,0.9109518252904486
2017-04-24,0.928225791496875,1.0913888674528434,0.8775591057017187
2017-04-25,0.9079124979864525,1.0933294599524885,0.8504157736072397
2017-04-26,0.894730553854064,1.0952189863219137,0.8306476364861337
2017-04-27,0.8828915493989056,1.09696214884562,0.8125729358033037
2017-04-28,0.9291978798942667,1.0987613753677365,0.8572997072202929
2017-05-01,0.9099767227792149,1.1007019051496187,0.8340291793456629
2017-05-02,0.9565187316513984,1.1025278282202222,0.8811517349469387
2017-05-03,0.9335249969872258,1.104342859803965,0.8555047562696539
2017-05-04,0.9141268883475643,1.1060856549110472,0.832580482596127
2017-05-05,0.9025997252381589,1.107556803057974,0.8176078937975098
2017-05-08,0.8910703608582209,1.1092084474975838,0.8021194200366926
2017-05-09,0.8935695473772594,1.11082474225235,0.8018469903915585
2017-05-10,0.9026815252346755,1.1122464618959236,0.8094848806494165
2017-05-11,0.9321611856326136,1.1136075323021124,0.8402323178740508
2017-05-12,0.9144112007188013,1.114931456189124,0.8202753147571856
2017-05-15,0.9012337144159667,1.1162435379432214,0.8043744874124241
2017-05-16,0.9051529682876812,1.1173934043120175,0.8070272560452962
2017-05-17,2.9138583493368375,1.1238614558743438,2.858488915493639
2017-05-18,2.5700102645709415,1.1302354179550382,2.556434118063675
2017-05-19,2.2765118053724214,1.136633497658766,2.291475725378735
2017-05-22,2.0271895717963826,1.142981212444019,2.0596358804410064
2017-05-23,1.8124079342134871,1.146508567783076,1.8573859372785182
2017-05-24,1.6328580832393242,1.150046578187162,1.6815847525474297
2017-05-25,1.4840333581156455,1.1535518922007801,1.5294208080185125
2017-05-26,1.3618384001047994,1.1569572870248928,1.3983607002486877
2017-05-30,1.3274589620775477,1.1603194594593336,1.3489690330026114
2017-05-31,1.2353133626736175,1.163503966473686,1.2441598321759146
2017-06-01,1.1615436091684204,1.1666431690967038,1.1550150544473434
2017-06-02,1.1033709131565868,1.169759082888438,1.0798595908728135
2017-06-05,1.08368302007552,1.1728626364583365,1.0432384291234675
2017-06-06,1.0772342085173494,1.1759739639975029,1.021949724790804
2017-06-07,1.038496181986241,1.178846982436652,0.9688147253216169
2017-06-08,1.008920454743584,1.1816988347290522,0.92494860397754
2017-06-09,1.055687237774522,1.1845901974944755,0.964133631816669
2017-06-12,1.13781591305448,1.1875449734641632,1.0454389738286975
2017-06-13,1.088017970439827,1.1906878835362356,0.9883010148735051
2017-06-14,1.0604628706371573,1.1938169256632274,0.9529689333866032
2017-06-15,1.043493359825543,1.196920628947467,0.9283763180952
2017-06-16,1.0119449056149252,1.195077192485908,0.8917844425644574
2017-06-19,0.98745870192125,1.1932284793785304,0.8619591730470765
2017-06-20,1.0241743582027427,1.1912877385417848,0.9014385103821558
2017-06-21,0.9960108252423766,1.1893048440160328,0.8698099033696961
2017-06-22,0.9741736806134726,1.1873479271047724,0.8441404456605548
2017-06-23,0.9572561224667097,1.185425300894156,0.8234205316847522
2017-06-26,0.9441115823884378,1.1835153078857916,0.8067755375567606
2017-06-27,1.2301230816467108,1.1820492629328103,1.125661229677917
2017-06-28,1.1558115694177837,1.1807388093901208,1.0552352685538897
2017-06-29,1.4517784665712605,1.1798476342307933,1.3752748670720336
2017-06-30,1.3339090238843128,1.1789153862767252,1.2664048215321988
2017-07-03,1.2388599581873652,1.177983149285252,1.1741299417015139
2017-07-05,1.1624814424325234,1.177032082825273,1.095929276915258
2017-07-06,1.4237846016866456,1.176414783994149,1.3671053916944371
2017-07-07,1.311330631076694,1.1760032142813217,1.2594389750996275
2017-07-10,1.2205850154741373,1.1755799249732024,1.167947322442241
2017-07-11,1.148048316056428,1.1750827136844453,1.090728875568993
2017-07-12,1.0906379582611272,1.1745263981707692,1.0260202980448292
2017-07-13,1.0454880257563928,1.1737879910784572,0.9721877040983392
2017-07-14,1.0103969002327748,1.1730880018140157,0.9277238145051577
2017-07-17,1.010254728274013,1.1724065097055714,0.9207400675543559
2017-07-18,0.9843440435132425,1.1716574106794186,0.887023266887628
2017-07-19,0.9630637548989164,1.1709153650029536,0.8580924076112083
2017-07-20,0.9466975419847671,1.1701211629570676,0.8346691847672346
2017-07-21,0.9341694021964111,1.1693466791332672,0.8158028364745983
2017-07-24,0.9261211562209342,1.1685566943884238,0.8024730948760836
2017-07-25,0.9182930120609654,1.1677012186342874,0.7900249920097465
2017-07-26,0.9213476021567538,1.1668567778437935,0.7906636453005791
2017-07-27,0.9876523801419202,1.1656687985873173,0.8651599505293804
2017-07-28,0.9723690040308772,1.1642916438762239,0.8499473018958292
2017-07-31,0.9517377138686898,1.1625011690316702,0.8280983854591192
2017-08-01,0.9357524865048449,1.1607195475221395,0.8105269397126786
2017-08-02,0.9331236381101918,1.1589572571928615,0.8077220412988616
2017-08-03,0.9277699908921392,1.1572069823501758,0.8019748898812232
2017-08-04,0.916431365678849,1.1551493358003544,0.7896276059004016
2017-08-07,0.9073530426465765,1.1528957923420486,0.7797937342656711
2017-08-08,1.1482479366408633,1.151018519399232,1.0496503817938618
2017-08-09,1.0901328652967033,1.149144319918086,0.9966263331861144
2017-08-10,2.856695209503457,1.1507249975558886,2.8110660824676463
2017-08-11,2.5120018073241908,1.1522563777215555,2.514797630029104
2017-08-14,2.2195508464552014,1.1539889392884144,2.2550021995554683
2017-08-15,1.9723071464657833,1.1556805267893027,2.0277749875171063
2017-08-16,1.7646784409631122,1.157363763040817,1.8296477365875652
2017-08-17,2.585691768173461,1.1598235279558697,2.6171782667598325
2017-08-18,2.2840509801665987,1.1622833991759496,2.344709414831612
2017-08-21,2.0287484417738932,1.1647419697083128,2.106163156073147
2017-08-22,1.8142659672716128,1.1673518801115625,1.8979200720789058
2017-08-23,1.7262912384647036,1.1699971076887328,1.8026809035433866
2017-08-24,1.5624355641113652,1.1726099351446755,1.63416165663009
2017-08-25,1.4274674006785584,1.1751883270352885,1.4885021612345748
2017-08-28,1.3177130552589968,1.1777371098848843,1.3634818942692273
2017-08-29,1.2521279088016528,1.1802858331777095,1.2786826908971594
2017-08-30,1.1768701066812768,1.1828411017545848,1.184254671935053
2017-08-31,1.1175305150196124,1.1854413507213253,1.1044515869878588
2017-09-01,1.0712999579949587,1.188063695262169,1.0374850167592782
2017-09-05,1.7151066905589283,1.1915990785494928,1.6753503156056646
2017-09-06,1.5567580390028501,1.1951285370201818,1.5240379129142425
2017-09-07,1.4262285483049342,1.198274163954143,1.3937376740262135
2017-09-08,1.3656062346079123,1.201426761812804,1.3283204447722696
2017-09-11,1.2682673771724953,1.2014458489669853,1.2264118150115808
2017-09-12,1.190377151998475,1.2014647260739701,1.1400107367915444
2017-09-13,1.1284625913161677,1.2012357686982187,1.0672646625837474
2017-09-14,1.0798808267582123,1.201005298905879,1.0064550660610736
2017-09-15,1.04210395066903,1.200790314751081,0.9559912802949617
2017-09-18,1.0122954726758389,1.1998117502341774,0.9144100983694352
2017-09-19,0.9895097877231938,1.1988040090023055,0.8806359452123222
2017-09-20,0.9717691207277579,1.1978186674117246,0.8529101406361634
2017-09-21,0.9580141209815229,1.1966744820543305,0.8304872858749857
2017-09-22,0.9473759464964264,1.1954834603623758,0.812444223316284
2017-09-25,1.0426417371273797,1.1944392609086492,0.9168385201331803
2017-09-26,1.0114624283679547,1.1933170710251322,0.8823604977558777
2017-09-27,0.9874005144823451,1.1922280671079675,0.8543085835926033
2017-09-28,0.9688880740312579,1.1911603871855376,0.8316154544018528
2017-09-29,0.9546278877133226,1.1900628453993511,0.8133498951865673
2017-10-02,0.9435928189637732,1.1888951930258613,0.7987125765880991
2017-10-03,0.9361422199644668,1.187683851873048,0.788346984518873
2017-10-04,0.9328257136250051,1.185489286328645,0.7840004642855769
2017-10-05,0.925562360946036,1.1833557098353817,0.7753219176574335
2017-10-06,0.9850562562615396,1.181318757998873,0.8452095456157603
2017-10-09,1.082502351036708,1.179404892307981,0.9592882486510508
2017-10-10,1.0387384483112194,1.1772512985764765,0.917117595513247
2017-10-11,1.0045694122359092,1.1751174545550755,0.8825880896545115
2017-10-12,0.9789682997932058,1.1729913298912316,0.8556132958293717
2017-10-13,0.9581099957729281,1.1709037432684208,0.8326681019469883
2017-10-16,0.967701978917063,1.1688370066010059,0.8437925882585127
2017-10-17,0.9909229697610203,1.16683096976383,0.8711327660006827
2017-10-18,0.9661844171792464,1.16485014315147,0.8452110363690243
2017-10-19,0.946945197991943,1.1628222753284356,0.8242826554040792
2017-10-20,0.9319915321503731,1.160799982770503,0.8074664822765091
2017-10-23,1.1911513959190914,1.159178912851679,1.0951101478846774
2017-10-24,1.1224917157823482,1.1574202642082951,1.0313309924558653
2017-10-25,1.0675734597675235,1.1556691879599457,0.9776297335903813
2017-10-26,1.0244379688394998,1.153897109797923,0.9332790450878022
2017-10-27,0.990263710331748,1.1526982883651733,0.8957942732569795
2017-10-30,1.0851905768112806,1.15165566728949,0.997894469370384
2017-10-31,1.0371738214976312,1.1506417774442228,0.9489174800792743
2017-11-01,0.9997993918781908,1.1496311582416336,0.9087152623346875
2017-11-02,0.9707306341102045,1.148641808398075,0.8757361863027017
2017-11-03,0.9484179521708771,1.1478004704651414,0.8489387893128693
2017-11-06,0.9530268432735776,1.1468984227035977,0.851621112936968
2017-11-07,1.0040528970129015,1.1459316733557896,0.9066830471559507
2017-11-08,0.9733582362111085,1.144956404410229,0.874080300658927
2017-11-09,1.0796327375547667,1.1441346022212597,0.9901857098544696
2017-11-10,1.157450963108157,1.1434551377295044,1.0778154907033022
2017-11-13,1.1009736291119783,1.1427548713525575,1.0238965279753613
2017-11-14,1.0498203446304515,1.1420262623950468,0.9720525170997707
2017-11-15,1.3530859130151345,1.1416830838722276,1.291793186233772
2017-11-16,1.2496823564410278,1.1415281231752463,1.1953764779348806
2017-11-17,1.166496276890758,1.1413899211049658,1.113821357310049
2017-11-20,1.1003663353629098,1.1413633163896588,1.0453219389259942
2017-11-21,1.0480711483482408,1.1411426168538268,0.9882039890629869
2017-11-22,1.013279051396998,1.1409280590817286,0.9473561294465772
2017-11-24,0.9802538814001197,1.1407277098413977,0.90732471364997
2017-11-27,0.9662307115797967,1.1405406928295019,0.8869576382218037
2017-11-28,0.9506904669765023,1.139753294358038,0.8658290431719187
2017-11-29,1.0422032124302822,1.1389593776777116,0.9613977324708022
2017-11-30,1.0720181043247359,1.1382228041995996,0.9944809681436846
2017-12-01,1.0293583457669153,1.1374942830625567,0.950876263243541
2017-12-04,1.0038839713831476,1.136760307188811,0.9234698024299443
2017-12-05,0.9716554018786703,1.1358293023161534,0.8877746673565313
2017-12-06,0.9467421275088588,1.1349004203012703,0.858702446718303
2017-12-07,0.9276734252957773,1.134112772170387,0.8351617663662532
2017-12-08,0.9131431716877698,1.1334481990810168,0.8161985934807778
2017-12-11,0.9019139049820665,1.132644078252299,0.8009913932121867
2017-12-12,0.9937485033950995,1.1318394974553592,0.9004245598605138
2017-12-13,0.9810906930554382,1.1310515001537287,0.8887603771546074
2017-12-14,0.9776073076649949,1.130294501446415,0.8862699498459823
2017-12-15,0.9504021590884567,1.1294706211318646,0.8574809059098634
2017-12-18,0.9330574708987652,1.1284484108722028,0.8383603998281407
2017-12-19,0.9876777672905269,1.127506296213019,0.8978731669896367
2017-12-20,0.9574772289720523,1.1264847642112166,0.8669090402112554
2017-12-21,0.9339719182073946,1.125260769777388,0.8417937348305701
2017-12-22,0.9390178656447384,1.1240642508326648,0.8471485820090829
2017-12-26,0.9531454285679599,1.1229006812715006,0.8629604996753908
2017-12-27,0.9426395854195811,1.1217437675333881,0.8524507258487144
2017-12-28,0.921863438910558,1.1206103961680884,0.8301168592433237
2017-12-29,1.078919659659606,1.1195716555897617,1.0005703693394083
2018-01-02,1.0272499403747855,1.1188457427188074,0.9511278652210753
2018-01-03,0.9869290187242444,1.1182418450406872,0.9104183192357238
2018-01-04,0.9572088674892225,1.1176290529509334,0.8788419175255582
2018-01-05,0.9326614498305373,1.1169905442751071,0.8514555373006861
2018-01-08,0.9426627095626516,1.1163654401673315,0.8608164682439573
2018-01-09,1.009605721061445,1.1156245658822683,0.9327442607703357
2018-01-10,0.9724878220317209,1.1147823841449953,0.8953567222062947
2018-01-11,0.9447154238181993,1.1139214676089155,0.8659758657145129
2018-01-12,0.9440128177095903,1.112951998964915,0.8648139915611911
2018-01-16,1.356899595401222,1.1126063077297377,1.300200401476634
2018-01-17,1.2579994117645685,1.1122406843844546,1.2121920144927534
2018-01-18,1.1829917159473264,1.1115133845347973,1.1431009246781318
2018-01-19,1.1083611631593737,1.110925689684058,1.0698571549510711
2018-01-22,1.0490538537177203,1.1102592670182942,1.008614437731287
2018-01-23,1.003431396758144,1.1095659854195243,0.9588612746377863
2018-01-24,0.9954472140701384,1.1089044269007136,0.9467290847967016
2018-01-25,0.9629869531826484,1.1082198482250714,0.9094153506511752
2018-01-26,0.9353981526601386,1.1075594196249698,0.876306624418645
2018-01-29,1.8521190458499153,1.108578727921477,1.8139881477010813
2018-01-30,1.726785302230709,1.1096025504657063,1.7121567451609097
2018-01-31,1.5539618914246256,1.1104617093803821,1.5558303005148089
2018-02-01,1.4104909826014487,1.1109247823322692,1.4210565604507093
2018-02-02,2.2297999641223423,1.1122094173311068,2.229640042697475
2018-02-05,5.60263762883162,1.1166239868460646,5.574335189060665
2018-02-06,4.880606536077253,1.121042639688607,4.951900253438068
2018-02-07,4.256787986263822,1.1253919957063852,4.401803239582614
2018-02-08,3.9607441119062465,1.1296498785021845,4.14333261517827
2018-02-09,3.4638041572814133,1.1338869943693684,3.687875730010435
2018-02-12,3.0368501971615265,1.1381243886324552,3.2862305640353355
2018-02-13,2.6709966903760853,1.1422990764243837,2.932489549853503
2018-02-14,2.358099234553118,1.1461048381365466,2.6214311739963723
2018-02-15,2.092433568837969,1.1498700622244238,2.3484380170658112
2018-02-16,1.872338815492538,1.1535921965755491,2.113020435301088
2018-02-20,1.733585659839167,1.157175514777253,1.947595748609038
2018-02-21,1.5683621724589,1.160725626494048,1.7599124069112078
2018-02-22,1.432142286227175,1.1643014918825794,1.5971301261951076
2018-02-23,1.3212157492249328,1.1680622106720173,1.456594099946859
2018-02-26,1.2317781391143456,1.1718203224044206,1.3359012867723425
2018-02-27,1.6555749454494655,1.1760363208676847,1.700930368945184
2018-02-28,1.5779357439388968,1.1786748864720924,1.616742836693579
2018-03-01,1.6984239753371357,1.1814529292358626,1.7231820333325205
2018-03-02,1.54098893701415,1.1843432965149927,1.5653607430876755
2018-03-05,1.4116824175429827,1.1872373461107093,1.4292524801447783
2018-03-06,1.3056346043208262,1.1892284557644928,1.3125038879942414
2018-03-07,1.2174055445906264,1.1882829965963495,1.212964799159481
2018-03-08,1.1471195526186448,1.1874084133102645,1.128655628613086
2018-03-09,1.0919426523403142,1.18689396999058,1.0577442015912921
2018-03-12,1.1806805427379583,1.1864773272170017,1.1353690624638315
2018-03-13,1.1473074740452098,1.1860549076665887,1.0936855068985782
2018-03-14,1.1558840616601649,1.1856627311339427,1.0956780366512784
2018-03-15,1.098682132374965,1.1853048671122548,1.0301533128617313
2018-03-16,1.0537060197227688,1.1847308048666583,0.9756141142890461
2018-03-19,1.6852829436032397,1.1851514637378633,1.628647917752637
2018-03-20,1.5273791199306084,1.1855894027866478,1.4837489032851887
2018-03-21,1.3977657872476348,1.1860016829667654,1.3591677247492304
2018-03-22,2.3300408837614843,1.187576697312641,2.2995806835160186
2018-03-23,2.118547492977205,1.1891087250541896,2.116761309170214
2018-03-26,1.890103330508679,1.190589994918486,1.907156794812634
2018-03-27,1.7682235152830652,1.1920698469468978,1.7921883494766948
2018-03-28,1.6017150308341368,1.1930006873426353,1.6293185323932213
2018-03-29,1.4603833729538283,1.194107135896943,1.4843265867052304
2018-04-02,1.81298972970064,1.1954385605291473,1.8198840732310395
2018-04-03,1.6352592455020705,1.1966804836713933,1.6490679913211586
2018-04-04,1.4885445697055901,1.1979181741671674,1.5013575456899
2018-04-05,1.3686715851510909,1.199189576338954,1.3742696329323443
2018-04-06,1.5666992461860703,1.2007076263603893,1.5588919487892676
2018-04-09,1.4360435522643453,1.2021090965465655,1.426742181334806
2018-04-10,1.326385382911015,1.2032026662204502,1.3103572108398533
2018-04-11,1.2379878238496533,1.2041423753028542,1.211140685469694
2018-04-12,1.1677652041399418,1.2052211365554457,1.1271163293999427
2018-04-13,1.112508004465586,1.2063135562530996,1.0564542829673227
2018-04-16,1.0694972987343165,1.2074310762937983,0.9974577464735035
2018-04-17,1.0364434456351201,1.2086729781044996,0.9485567732086467
2018-04-18,1.0236562880185907,1.2089507632654029,0.9229111766578624
2018-04-19,1.014183409448212,1.2092217116806994,0.9024213029400403
2018-04-20,1.0730924265877568,1.2095860415861288,0.9597246167521181
2018-04-23,1.0378756399492186,1.2088264193009681,0.9174761054109257
2018-04-24,1.2338662796267672,1.2083376746588679,1.1299817697644507
2018-04-25,1.1634460279703567,1.2076553117508322,1.058855497223299
2018-04-26,1.1080425822142397,1.2071488706866276,0.9994552836420446
2018-04-27,1.064794729513628,1.2067154146690926,0.9502065901686855
2018-04-30,1.0586267614225517,1.206087399818106,0.9405757768516049
2018-05-01,1.0258920820437205,1.2050630539519498,0.9017679036204383
2018-05-02,1.0245336539128425,1.2039482547020035,0.8974402799072482
2018-05-03,0.9992654061859643,1.2028084336252385,0.8665569456186938
2018-05-04,0.9799029094762399,1.2018028906605276,0.8415088448733026
2018-05-07,0.9648063059495414,1.2005264895036678,0.821302455858985
2018-05-08,0.9531606307438427,1.1992538780425102,0.805078135338428
2018-05-09,0.9443389688030459,1.1982278965205242,0.792103743205396
2018-05-10,0.9375185182171071,1.1972116654961227,0.7817635064391277
2018-05-11,0.9321299608960116,1.1960995560571035,0.7735460529276845
2018-05-14,0.941213480566444,1.1949231456457776,0.7830880410273164
2018-05-15,1.2926538747862861,1.1942419805047886,1.1799865643302894
2018-05-16,1.207990595989886,1.1935122873267792,1.1008581489002114
2018-05-17,1.1406290685406892,1.192770316532064,1.0344952856344973
2018-05-18,1.0875146730044614,1.192015622380848,0.9792155145829747
2018-05-21,1.0459369789810473,1.1911813312842003,0.9335104198668593
2018-05-22,1.01656325135232,1.190323908858425,0.8992623577132538
2018-05-23,0.9907743153715682,1.1892521885622074,0.8680390797654216
2018-05-24,0.9709062364615855,1.1881837433663196,0.8427077856528916
2018-05-25,1.031033704589719,1.187001716932204,0.9084856168371627
2018-05-29,2.085176884583176,1.1876770621679953,2.0203072736591334
2018-05-30,1.8608512245743878,1.1884414028466024,1.823148353809969
2018-05-31,1.689801657000016,1.189187557957112,1.6681872197088672
2018-06-01,1.5321952134111372,1.1901096420078279,1.517854415943769
2018-06-04,1.4029120913300306,1.1910667689092833,1.3884281457821288
2018-06-05,1.297734561457003,1.1918512423956271,1.2776264101841353
2018-06-06,1.2133085856450534,1.192707144273061,1.1833590106134317
2018-06-07,1.1844688277873758,1.193594735243081,1.1429977480292777
2018-06-08,1.1237133442297462,1.1941752986894345,1.0701812164301894
2018-06-11,1.0803918789032063,1.1947499905838042,1.0138169657290217
2018-06-12,1.0420461544480648,1.1952471376246838,0.9620809633289706
2018-06-13,1.069238433652663,1.1957904415072065,0.9810072109826716
2018-06-14,1.0332512182426885,1.1958961225792146,0.9349865474968075
2018-06-15,1.0054259634602638,1.1958614585310456,0.8971914578282609
2018-06-18,1.0035711454600516,1.1958507114184447,0.8882090024312972
2018-06-19,1.144654943640222,1.19605088687731,1.039024436671246
2018-06-20,1.0920988801386071,1.196277466142366,0.982974215328154
2018-06-21,1.4357814457639435,1.1969937894575728,1.3509205261598478
2018-06-22,1.3250447056609072,1.1976883284060174,1.245647961504373
2018-06-25,2.0743505586086455,1.1993516898724912,2.020600999702811
2018-06-26,1.8541968827500495,1.2009609202634364,1.823404047379516
2018-06-27,1.8729443771772831,1.2007874816136284,1.8573967912107525
2018-06-28,1.6835295423603354,1.2005253350096365,1.6815944933306604
2018-06-29,1.526849992631889,1.200279507448161,1.529428799258076
2018-07-02,1.3982073322651403,1.19984020936123,1.3983676383555221
2018-07-03,1.3169752343912928,1.1993813155122937,1.3092820230951008
2018-07-05,1.228559742137109,1.199018718786325,1.210227233208706
2018-07-06,1.1583021522901527,1.1988563500269747,1.1263453875255138
2018-07-09,1.1029223762350642,1.1987236011691769,1.0558083746589626
2018-07-10,1.0596572294850821,1.198591573472799,0.99692061068071
2018-07-11,1.1621693491053702,1.1986193257243936,1.0927973627347387
2018-07-12,1.106208220905992,1.1988010660655921,1.0277475643366905
2018-07-13,1.062467303967515,1.1989425290646754,0.973619428729727
2018-07-16,1.0951394870061075,1.1990399459567642,1.0016140214673517
2018-07-17,1.0539539952009291,1.1992363320046637,0.9519900146535152
2018-07-18,1.0223915140492903,1.1994082090764595,0.9114382941263769
2018-07-19,1.0930406195562907,1.199486785254427,0.9841031104513388
2018-07-20,1.0522575331162995,1.1995197689075408,0.9375381400241806
2018-07-23,1.0203244072352675,1.1990696843803532,0.8992801521216844
2018-07-24,0.9957015998781964,1.1985718101140208,0.868053595119564
2018-07-25,0.9760389234041847,1.1971050480221024,0.8427194479777953
2018-07-26,0.9608180139859994,1.1955952810211323,0.822276676064693
2018-07-27,1.0779074895370198,1.1941357309786857,0.9535931962844534
2018-07-30,1.2260131239101808,1.1928740469974188,1.1203110443086777
2018-07-31,1.1544848669428285,1.1918332702186158,1.0507542890704753
2018-08-01,1.1122937004226896,1.1907984615374678,1.0084673916394125
2018-08-02,1.06493423458916,1.189898830993627,0.9576553931347122
2018-08-03,1.0280006984433425,1.1889572961212695,0.9157764050247201
2018-08-06,0.9991984487578031,1.1877750847698396,0.8814938547715464
2018-08-07,0.9769342905231652,1.1865620691729533,0.8536056630552541
2018-08-08,0.9597829067033858,1.1853558908614745,0.8310484534610483
2018-08-09,0.9854433682358413,1.1840395196107265,0.8577316993092887
2018-08-10,1.4796186738480968,1.1833652927139615,1.394426475652266
2018-08-13,1.5959478938862635,1.1828633648904678,1.531449572137457
2018-08-14,1.452524756415532,1.1824232440205158,1.4001033361862976
2018-08-15,1.5025060266102097,1.1820177105272154,1.4590958721071072
2018-08-16,1.3761786570064223,1.181715681541038,1.3380437078062883
2018-08-17,1.273623251986238,1.1813605681585957,1.2346847905437242
2018-08-20,1.1912749405573846,1.1810100422943068,1.1470023469897523
2018-08-21,1.1454492027148127,1.1806700843165292,1.09355808076206
2018-08-22,1.0897464053622752,1.1803803065114227,1.0283826719660343
2018-08-23,1.0503796113786674,1.1800935539185018,0.9786242057092192
2018-08-24,1.0156505914929603,1.1798373820149963,0.9330231701303028
2018-08-27,0.9939622528044011,1.1794111954700108,0.9013134016533871
2018-08-28,0.9921318501086437,1.1787828502315427,0.8921234735169791
2018-08-29,0.9702057142688864,1.1779284901894511,0.8622346757118969
2018-08-30,1.1939493758112192,1.177397491079372,1.1023574193518182
2018-08-31,1.1271142053935794,1.1767755656878673,1.0357344524539096
2018-09-04,1.0872476976292018,1.1761090663709723,0.9942299452339988
2018-09-05,1.1175098818355031,1.1754963207088316,1.0267642241527508
2018-09-06,1.1306409138183529,1.1749245439601643,1.0420482100171757
2018-09-07,1.082819253615302,1.17435989202629,0.9918578748994233
2018-09-10,1.0395497563849458,1.1738140755673363,0.9439340654939835
2018-09-11,1.0053878654529305,1.1726102575024662,0.90451937292686
2018-09-12,0.9787708434562198,1.1712142622082435,0.8723181460912067
2018-09-13,0.958189949853368,1.169805722331704,0.8461706849093745
2018-09-14,0.9422093461646409,1.1682850508330576,0.8250553072370361
2018-09-17,1.297599887484582,1.1672259112956669,1.2112688487697518
2018-09-18,1.2076763871170124,1.1661906602267058,1.127224424859575
2018-09-19,1.1359972411938333,1.1653130120272406,1.0565449219034657
2018-09-20,1.079722247617414,1.1644204189209326,0.9980022945865404
2018-09-21,1.035112376507981,1.1634767844697205,0.9490065732122197
2018-09-24,1.0487833351078764,1.1625887424192616,0.9613656224350859
2018-09-25,1.0190430098872176,1.1616793051440661,0.9278069303470415
2018-09-26,1.0235741849030777,1.1608096433093584,0.930642668267472
2018-09-27,0.9911077075676488,1.159962466634158,0.8936376514001634
2018-09-28,0.9660366514786071,1.1591236931406415,0.8634651052590371
2018-10-01,0.9464792422446463,1.15795269851579,0.8390092657414457
2018-10-02,0.9318571392654563,1.1567291057114453,0.8198394159833986
2018-10-03,0.9201199443550825,1.1555472885174367,0.8039063005102025
2018-10-04,1.7273295574383019,1.155803720360858,1.6617387520305351
2018-10-05,1.5869171547374488,1.1560071245455195,1.5413362384632368
2018-10-08,1.5005570325715716,1.1562436213878113,1.4673589990183045
2018-10-09,1.377010117609889,1.1564149151580498,1.3503255207541625
2018-10-10,2.930801753786837,1.1586293160454728,2.9055332522619666
2018-10-11,2.6486191798746757,1.1608518665187217,2.6678734002946993
2018-10-12,2.337058612872172,1.1630493695454207,2.3891582618152363
2018-10-15,2.073070331657853,1.165209639506986,2.1450331465970405
2018-10-16,1.8503140057838832,1.167059011361465,1.931805642397806
2018-10-17,1.6640164662646821,1.1688121046601119,1.7461915358860265
2018-10-18,1.827838428308148,1.1706284466046433,1.8878494431495327
2018-10-19,1.6457440019638534,1.1724321950543666,1.7080188523549733
2018-10-22,1.495031029778312,1.1742221203843846,1.5522548038257122
2018-10-23,1.4242937197081227,1.175984357038817,1.4686094851933922
2018-10-24,1.9429612965779839,1.1783344686463177,1.958610007122398
2018-10-25,1.7432623898885675,1.1806399891584225,1.7694857558059065
2018-10-26,1.5771788928336572,1.1828859471648143,1.6054159087289501
2018-10-29,1.4492516303251137,1.185103939745371,1.4723722002265596
2018-10-30,1.3361351757962217,1.18735036783588,1.3494167406698347
2018-10-31,1.2450632658624219,1.1897421014656917,1.2443672223262714
2018-11-01,1.1725977929366915,1.1922471958448886,1.1551904570242952
2018-11-02,1.1159627735726672,1.193267549210989,1.0818468375883898
2018-11-05,1.0825721869695342,1.1942774300806325,1.031778290137954
2018-11-06,1.0440641014803642,1.1952419721545926,0.9769616328188124
2018-11-07,1.0154266413680508,1.1973378470590497,0.9316540259130532
2018-11-08,1.0044560199431332,1.1973230090497717,0.9081137065367972
2018-11-09,1.0205025879438032,1.1973284812448086,0.9161489180258852
2018-11-12,1.5486446099735085,1.1980578483529083,1.473475377466485
2018-11-13,1.4170873621622628,1.1987888738222423,1.3503620981055415
2018-11-14,1.3791746488389351,1.199316600402079,1.3172227192088664
2018-11-15,1.2794987268457911,1.1999043711896378,1.2169753276052888
2018-11-16,1.1996164036891126,1.2004487161057735,1.1320410858268353
2018-11-19,1.3575663431302354,1.2012262234899802,1.2928644012424504
2018-11-20,1.5002311141954097,1.2022174711756604,1.4427150654235228
2018-11-21,1.3784712793526024,1.2032503131102854,1.324020653917453
2018-11-23,1.302808104058307,1.2037001952313542,1.2471032980471184
2018-11-26,1.2190008646428436,1.204456459985167,1.1575052829253092
2018-11-27,1.1533679378238326,1.2052088001670083,1.082912572648411
2018-11-28,1.1009070205971074,1.2059698652951492,1.019497429128686
2018-11-29,1.0664433655848773,1.20668596909055,0.9737159667993537
2018-11-30,1.0334024191959297,1.2072812149619492,0.9289817070319524
2018-12-03,1.0081732351138866,1.2079681701104545,0.8922793844979273
2018-12-04,1.953372867631779,1.2103803732711464,1.8833864287500854
2018-12-06,1.7621390183524113,1.2127651297757533,1.7111511914497795
2018-12-07,1.7299994682080109,1.2152207947529536,1.6901580399477443
2018-12-10,1.5688723198527024,1.216543197753372,1.5368243803375845
2018-12-11,1.4366370856970108,1.217863130240833,1.4047209302918497
2018-12-12,1.3291894266807873,1.2191329558337762,1.2915372189758991
2018-12-13,1.242069215462649,1.219603943909661,1.1951593215969158
2018-12-14,1.2198626102967498,1.220112030921751,1.1626824863220397
2018-12-17,1.4693847855480198,1.220908905692804,1.4130721510241437
2018-12-18,1.3897213677568607,1.2216647281476207,1.3340027241351495
2018-12-19,1.2911067206083313,1.2222345355945397,1.23124600791231
2018-12-20,1.4262774021907518,1.2227815111457976,1.3672143270167996
2018-12-21,1.3881781974948317,1.223165597946574,1.3297557986337192
2018-12-24,1.8366791881000886,1.2240209115860725,1.789119716508652
2018-12-26,1.657839847512419,1.2251368837807473,1.6224150886872324
2018-12-27,1.509958121273567,1.2259312117733197,1.4783763066283226
2018-12-28,1.389247921718798,1.2267646718095528,1.3545622776380568
2018-12-31,1.2919110077710463,1.22777665884313,1.2487500774774751
2019-01-02,1.2142904891334694,1.2289380244747903,1.1588987652077294
2019-01-03,1.3305557575689941,1.2302381037831662,1.2687986790661472
2019-01-04,1.245926503450344,1.2318315339363577,1.175876243488234
2019-01-07,1.1772073088458124,1.2317152284517716,1.0974194366786112
2019-01-08,1.1231480757228764,1.2316430050952265,1.0316079197059316
2019-01-09,1.0809352117495294,1.231498954932565,0.9768205280398238
2019-01-10,1.0482865619667172,1.2313653251574044,0.9315377093816438
2019-01-11,1.0233064115894126,1.2313581623556975,0.8943696886634743
2019-01-14,1.0608293547974623,1.2314188402001978,0.9287147441491387
2019-01-15,1.0329749754955346,1.2314703065847752,0.8920610449963613
2019-01-16,1.0256859694857876,1.2314930206866785,0.878492310723321
2019-01-17,1.0058915448496424,1.23125869743121,0.8511722528372269
2019-01-18,0.9907949172255579,1.231005496332165,0.8290858966355658
2019-01-22,1.4934237201812486,1.2315753813713557,1.3849363191136264
2019-01-23,1.3760957946305918,1.231989965868229,1.274646671042607
2019-01-24,1.281418259585839,1.2323646392200647,1.1808327129614933
2019-01-25,1.205452054625152,1.2323150506262592,1.1015705224814252
2019-01-28,1.2829425271616808,1.232128436487041,1.1846352957767214
2019-01-29,1.2105451515742816,1.2319440441838259,1.109164599146583
2019-01-30,1.1493371724607189,1.2318611967263196,1.0414261548472843
2019-01-31,1.1013037510151322,1.231678708105324,0.9849682492344615
2019-02-01,1.0638675443869883,1.2313538646546736,0.9382512350111776
2019-02-04,1.0348374828928453,1.2308611668258935,0.8998640897380004
2019-02-05,1.0120742660496809,1.2298040770789467,0.8685286938265194
2019-02-06,0.9945737076758063,1.2287568449453294,0.8431039153034459
2019-02-07,1.0797944804452373,1.2277976966911122,0.9374109941749137
2019-02-08,1.046085864544589,1.2268742576156695,0.8991760428303236
2019-02-11,1.0264023947750707,1.2259459090840836,0.8753846194673517
2019-02-12,1.0047693227801096,1.22491214542105,0.8486540708675121
2019-02-13,0.9933700820942817,1.2238184130008831,0.8333247266222215
2019-02-14,1.012817861216912,1.222754204245481,0.854536864038059
2019-02-15,0.9939999014084459,1.2219063564774513,0.8317995215194585
2019-02-19,0.9795016447153114,1.2209737147047843,0.813497825442699
2019-02-20,0.9684661129848582,1.2201605664829527,0.7988308832287345
2019-02-21,0.984990507568474,1.2185548736105403,0.8180141759162857
2019-02-22,0.9716059942178207,1.2170520449019424,0.8024446747284201
2019-02-25,1.179505097911832,1.2158484445028501,1.0433320276882139
2019-02-26,1.1317417514609946,1.214526011248833,0.9984424390018686
2019-02-27,1.0835726740740557,1.2130861222518374,0.949370029019244
2019-02-28,1.0467234477167309,1.2116495136795953,0.9098174740023407
2019-03-01,1.0174502012383702,1.2102895950969752,0.876634393575794
2019-03-04,1.1335988179245777,1.2090104813441445,1.0078206090371442
2019-03-05,1.0855777300589764,1.2077191627195456,0.9586415388454644
2019-03-06,1.149236748455252,1.2065331955648797,1.0314464387451245
2019-03-07,1.1601811065519039,1.205417769903862,1.0476488476584127
2019-03-08,1.1045855132129878,1.2043289318122354,0.9901372268529247
2019-03-11,1.0612432049252423,1.2034548067958348,0.9425141972405509
2019-03-12,1.0275745637178841,1.2025830848635781,0.9033558833593768
2019-03-13,1.0015838297416746,1.2017296035298457,0.8713708097015873
2019-03-14,0.9827560246571883,1.2008436184616214,0.8467768135701402
2019-03-15,0.9671612151032526,1.200029534636544,0.825543704476026
2019-03-18,0.9629958504583496,1.1991856887071328,0.8176380984274155
2019-03-19,0.9838617341882953,1.1981543907193264,0.8398142794689788
2019-03-20,0.9847173604644127,1.1971496748527313,0.8402528619409755
2019-03-21,0.9677243739825923,1.1960389826422884,0.8202919041414465
2019-03-22,1.673048116462883,1.1961439043860902,1.5871558108768022
2019-03-25,1.5179489635689338,1.1960894431437812,1.4480063549584303
2019-03-26,1.3906786487179559,1.1958773682949269,1.3285492192613717
2019-03-27,1.3074560199104213,1.1956722109340838,1.2474530291758483
2019-03-28,1.2205833638060122,1.1954871492408439,1.157801221281097
2019-03-29,1.151472394805885,1.195359085798071,1.0822002587321813
2019-04-01,1.096812817211761,1.1950234206909922,1.0189032809840197
2019-04-02,1.0539461048839263,1.1945087760246889,0.9662916081597729
2019-04-03,1.040652754765008,1.1940181807661054,0.9447451656399202
2019-04-04,1.0102976313938383,1.1934134690039324,0.9051841492204777
2019-04-05,0.9869613183909489,1.1928475342641238,0.8728594938476638
2019-04-08,0.9895380558624313,1.192283127449181,0.8698135248431126
2019-04-09,1.1305607847435715,1.1915868126158498,1.0228684666172871
2019-04-10,1.0795769504764354,1.1909749418018836,0.9695760331196311
2019-04-11,1.0397956549245626,1.1903568288542727,0.9255747490073398
2019-04-12,1.0091470973054424,1.1899344099571203,0.8894945868300717
2019-04-15,1.0026005385994963,1.189459830343169,0.8794865615801074
2019-04-16,0.98044101505394,1.1889817761429315,0.8519781969041228
2019-04-17,0.9941612545256429,1.1885025755125649,0.8649544311696427
2019-04-18,0.9738599796685354,1.1880594530578004,0.8402131229634539
2019-04-22,0.9779289544747103,1.1876293209583537,0.8429033325358252
2019-04-23,0.9603532787469412,1.1859517494400857,0.8224246859135492
2019-04-24,1.0656351514472484,1.1844395738069546,0.9420912567262261
2019-04-25,1.0287343738788939,1.1827749490076294,0.9050055403145332
2019-04-26,0.9982877100315319,1.1811488356680542,0.872713973762309
2019-04-29,0.9975651136642661,1.1795119346577212,0.8726261880095051
2019-04-30,0.9738109426372247,1.1778242992908579,0.8464379292068616
2019-05-01,1.2927793175944609,1.1766183731354871,1.1979083921569293
2019-05-02,1.2050291764102645,1.1754306121587952,1.115955547501781
2019-05-03,1.1352831629157547,1.1745080536122348,1.0471080975715927
2019-05-06,1.703441211195737,1.174402271796168,1.6434156625759655
2019-05-07,2.237106819085758,1.174740075080441,2.202112967129525
2019-05-08,1.9867680690005063,1.175050223607485,1.9818240688819984
2019-05-09,1.7762481921173066,1.17514608283396,1.7896696566685149
2019-05-10,1.6012594917751464,1.1754191422637288,1.6228918633106768
2019-05-13,2.3111838784484457,1.1764378113610596,2.318397826085937
2019-05-14,2.05013906845365,1.1773531857518371,2.0831624996624725
2019-05-15,1.8308125736950793,1.1783088050252362,1.8778784625209377
2019-05-16,1.6478924358100562,1.1793040371337664,1.6993651402803343
2019-05-17,1.5284125882758226,1.180275798277674,1.5753889919635722
2019-05-20,1.4073223511335278,1.1811919319060726,1.4463523637067146
2019-05-21,1.30020796028943,1.1821996582642036,1.3271335426399258
2019-05-22,1.2140331264014175,1.1832001369168277,1.225402299655097
2019-05-23,1.5165691794309946,1.1844428715645174,1.5086330846166671
2019-05-24,1.3898250853974394,1.1857348860516839,1.3805126830275773
2019-05-28,1.473342058043549,1.1871325924259681,1.4575361607864141
2019-05-29,1.3648505456642497,1.1885007732433328,1.3465926867468128
2019-05-30,1.2672881219359708,1.1898798762900398,1.241962492187264
2019-05-31,1.3171884739854052,1.190890725465607,1.2839666631186342
2019-06-03,1.2302509061163094,1.1918835916313304,1.1901279578263844
2019-06-04,1.1596191633463118,1.1928285207857834,1.1093985884252784
2019-06-05,1.1032910876101556,1.1930321605053236,1.0416217739659632
2019-06-06,1.0588034945163338,1.192696263094674,0.9851308258297473
2019-06-07,1.0376541793873333,1.1923771785806705,0.9528615660210039
2019-06-10,1.0079569990827981,1.192072806501348,0.9118409071762464
2019-06-11,0.9851589638225905,1.1914677419049162,0.8785739172090189
2019-06-12,0.966814091746702,1.1901157826026845,0.8512382721659078
2019-06-13,0.9525868779276776,1.1886727186235915,0.8291392380052942
2019-06-14,0.9415590687790119,1.1872124055955615,0.8113620770038492
2019-06-17,0.9335294510619363,1.1857095951370218,0.7978033968340822
2019-06-18,0.926619242191743,1.1841979614912366,0.7863020488336527
2019-06-19,0.9212360023359921,1.1828020071000895,0.7771503097856939
2019-06-20,0.9403107656514414,1.1813214245073185,0.7975350224284824
2019-06-21,0.98169065596042,1.1799110678351992,0.8452873594228179
2019-06-24,0.9616764549472967,1.1780993048126291,0.8243441029084881
2019-06-25,1.055304998566765,1.1763794387866526,0.9324610790805159
2019-06-26,1.017410571991465,1.174502904210969,0.895125057184749
2019-06-27,0.9879322405914285,1.1726443194762852,0.8646742577410294
2019-06-28,0.9651105470359341,1.1708474623109537,0.8399866498939136
2019-07-01,0.9474655835438036,1.1690996843725516,0.8200777524113186
2019-07-02,0.9339829805729867,1.16760507193143,0.8040971806939756
2019-07-03,0.923362825762441,1.165903335615779,0.7913207314357434
2019-07-05,0.9974142910546249,1.1642505194329955,0.875764242247878
2019-07-08,1.0358356626415215,1.1626808607696268,0.9220819638188354
2019-07-09,1.0024988638397552,1.161104847978855,0.8891535615404125
2019-07-10,0.9745013740369995,1.1597111916335032,0.8598220234443871
2019-07-11,0.9528562766755541,1.1583253221785321,0.8360658873557754
2019-07-12,0.9361996902370775,1.1570074917648545,0.8169252181197493
2019-07-15,0.9383664508069329,1.1557134523747659,0.8187288782008364
2019-07-16,0.9303222796429202,1.154388165220001,0.8094160784170278
2019-07-17,1.0962001149425227,1.1533152803982092,0.9944216711234727
2019-07-18,1.0460140744751,1.1522675314353,0.9460499500554925
2019-07-19,1.1133606208232802,1.1512291170744424,1.0227580886993757
2019-07-22,1.059185303901069,1.1502719226339484,0.9694845413930022
2019-07-23,1.0168111152028187,1.1493877100439174,0.9254996012965105
2019-07-24,0.983916673301149,1.1485624963405345,0.8894329654335958
2019-07-25,1.034914431245405,1.1476870671049666,0.9440585977575756
2019-07-26,0.9976174036172385,1.1468782080064126,0.9046214744300514
2019-07-29,1.0434543574109987,1.1461441951168274,0.9541852273012825
2019-07-30,1.1696182915806335,1.1455334600089166,1.0913209811966413
2019-07-31,1.523369338013602,1.1452333613722576,1.4663121454860832
2019-08-01,1.5757436644327656,1.144824229303346,1.53575440224015
2019-08-02,1.43134980630173,1.144390508524079,1.4038015885444781
2019-08-05,2.751515676858847,1.145527190423693,2.73034890078173
2019-08-06,2.421438027288743,1.14673680502546,2.4439592386126248
2019-08-07,2.1414057999361074,1.1479420717091957,2.1929821066301476
2019-08-08,1.905041479863365,1.1490825871102563,1.9736323061806624
2019-08-09,1.7628267526901218,1.1502454138139393,1.8356011331441264
2019-08-12,1.96678810246554,1.1515934126244385,2.0237476127224956
2019-08-13,1.7595329152931467,1.153189635749472,1.8261425574143988
2019-08-14,2.31330908440701,1.1553095585166773,2.3533196297995733
2019-08-15,2.051854907151088,1.1571780191483072,2.11369116949473
2019-08-16,1.8319532854306084,1.159145650899834,1.9044811891956297
2019-08-19,1.6481248617747384,1.161052324402307,1.7224579878766275
2019-08-20,1.5183498332070906,1.1628528316171398,1.5861789672038904
2019-08-21,1.3891796255344375,1.1646468769545557,1.4471655344154655
2019-08-22,1.3427907372334678,1.1664194751460557,1.3840835841812444
2019-08-23,1.7786364215319554,1.1686219268865359,1.7925560074932108
2019-08-26,1.605078390609007,1.170754264566224,1.6253914728458494
2019-08-27,1.5058353495651509,1.1728139699031557,1.5240971898143505
2019-08-28,1.3802883220544901,1.1747002817740362,1.3937884803656544
2019-08-29,1.277998845069901,1.1762118023553412,1.2822018951787586
2019-08-30,1.2715582865130486,1.1776445643741578,1.2627909090581861
2019-09-03,1.217858888377467,1.1790894775206842,1.1979506751114588
2019-09-04,1.147049142800778,1.1792343736509718,1.11599111286784
2019-09-05,1.0911164887398594,1.1793189950136478,1.0471378190095133
2019-09-06,1.047549019378091,1.1795738908605937,0.9897126128326343
2019-09-09,1.0218857333381264,1.17970388148891,0.9508945493586552
2019-09-10,0.9939400686158094,1.1798029937239523,0.9102270332175375
2019-09-11,0.9723915507654312,1.1797021725842503,0.8769682183522959
2019-09-12,0.9557645567816375,1.1793564957212896,0.8499370729648166
2019-09-13,0.9427060156803923,1.1785227583716829,0.828090169003352
2019-09-16,1.046040936101451,1.177836494595069,0.937919474155431
2019-09-17,1.0114311602872437,1.1770241611793701,0.8995924077047339
2019-09-18,0.9846495417152237,1.1761782722019651,0.8683075745379629
2019-09-19,0.9654084275579947,1.1753233053079482,0.8444951722774974
2019-09-20,1.136842548464826,1.1745869009996666,1.0331408519655003
2019-09-23,1.0815726383373427,1.1738247024151434,0.9780919281948911
2019-09-24,1.4203753503915786,1.1730219435287645,1.3430654563348727
2019-09-25,1.3077480858330475,1.172283878589141,1.2389593213661214
2019-09-26,1.2178343680484633,1.171519751434008,1.1516806119753862
2019-09-27,1.2492815103090256,1.1708285220304466,1.1866506276069633
2019-09-30,1.1699219358572606,1.1701059798155038,1.1064693687581235
2019-10-01,1.4689822190891215,1.1697293533121242,1.4162748928085962
2019-10-02,1.537163934003137,1.1694835167713995,1.4958428393384111
2019-10-03,1.4026337326615244,1.1689647419832645,1.3695388844424972
2019-10-04,1.293206628501416,1.1685643499610965,1.2615135908899278
2019-10-07,1.2518519545058033,1.1680293095637626,1.2177533543374044
2019-10-08,1.4892671056596933,1.1678128942600352,1.456550242181848
2019-10-09,1.3637823800005628,1.1676981973095617,1.3358637475431394
2019-10-10,1.2619493920122153,1.1675923381043574,1.2328295502623223
2019-10-11,1.180429301567866,1.1677483718678439,1.1454341325453856
2019-10-14,1.115720335926526,1.1679636124468946,1.0718152191492711
2019-10-15,1.064820289062901,1.1681588590598455,1.0102456235985386
2019-10-16,1.0278637808581446,1.1683485729866752,0.9619864011512844
2019-10-17,0.998268398778605,1.168501810011435,0.9211443600218155
2019-10-18,1.0024053491477387,1.1686865088636902,0.9168910164245259
2019-10-21,0.9768984348436638,1.1686235441749409,0.8824031935572311
2019-10-22,0.9855381088522148,1.1685772888431472,0.8855383311861775
2019-10-23,0.9636120484925456,1.168073752808443,0.8568870544009869
2019-10-24,0.94678378313108,1.1675199253117696,0.8336961460868102
2019-10-25,0.9341085697069694,1.1671960092460905,0.815020949424001
2019-10-28,0.9598167762651371,1.1668174715867088,0.840434887424362
2019-10-29,0.9450535984800016,1.166372700297808,0.8219183390094176
2019-10-30,0.9322910747186203,1.1656810129705297,0.8055716057558137
2019-10-31,1.0511158870457624,1.1650148720080789,0.9382450575409391
2019-11-01,1.0133305304785798,1.1644295083859735,0.8998590489626694
2019-11-04,1.0301108697611145,1.1636878344298354,0.920194299047761
2019-11-05,1.008017249852402,1.1629206593744907,0.8977332454576916
2019-11-06,0.9793490695354747,1.1618735473363702,0.8667950830501983
2019-11-07,0.9591985341940427,1.1607320310907252,0.8440217722310248
2019-11-08,0.9416353434318404,1.1596327453120665,0.8233250415236987
2019-11-11,0.9960182889887114,1.1583388105386092,0.88377820747063
2019-11-12,0.969043726567589,1.1569480299477588,0.8554588032161455
2019-11-13,0.9650365195162306,1.1554462047191985,0.8516964177451963
2019-11-14,0.9451838487828704,1.1539484303901972,0.8299696139016175
2019-11-15,0.9296085240573045,1.1526770822741295,0.8120286374260455
2019-11-18,0.9488986247223673,1.1514171337964363,0.8333014412564039
2019-11-19,0.9595380388499457,1.1501874647204255,0.8459270394070637
2019-11-20,0.9398259689963883,1.1489293920863892,0.8248591952569845
2019-11-21,0.9450010666660648,1.1476696109943838,0.8310580051957865
2019-11-22,0.9284148620094359,1.146532965073399,0.8129023779027835
2019-11-25,0.9155036646567833,1.1452235694396096,0.7983547106393247
2019-11-26,0.9055045267694689,1.1439023210047263,0.7867413145373771
2019-11-27,0.907143887153521,1.142597409414182,0.7882856081395879
2019-11-29,1.0363402279174536,1.1413223593709185,0.9334749209271773
2019-12-02,1.5646450805214582,1.1406720387561011,1.498893611968508
2019-12-03,1.5040423930195583,1.1399319295466726,1.457160412583323
2019-12-04,1.3716188450148967,1.139217220726583,1.3363862779900129
2019-12-05,1.263722102362699,1.1384988537543637,1.233274159301167
2019-12-06,1.176739160561932,1.1378189029893993,1.145809947591659
2019-12-09,1.561849096423851,1.137654666408045,1.5340768272808243
2019-12-10,1.4192909130971,1.1373943643257602,1.4023603502666495
2019-12-11,1.3026211421591467,1.1370760502270725,1.2895210692346208
2019-12-12,1.2082579012777033,1.136854850893464,1.1934484153075071
2019-12-13,1.132835958115737,1.1368187190577046,1.1121963891327826
2019-12-16,1.0730786886337833,1.1368197165777871,1.043962361390486
2019-12-17,1.0298099261514233,1.136599575928128,0.9910334605854638
2019-12-18,1.0064811056348748,1.136355442632278,0.9581097327550744
2019-12-19,0.9741474241612508,1.136078872261957,0.9161496056867569
2019-12-20,0.9492576088712694,1.1358025673505057,0.881817123898147
2019-12-23,0.9319336671673579,1.135503780707048,0.8557933792686176
2019-12-24,0.9174616853035336,1.1350722708268404,0.8335156723181635
2019-12-26,0.905736875698456,1.1345884029021274,0.8148760789224335
2019-12-27,0.9957448769639742,1.1342110914640184,0.908740497611942
2019-12-30,1.1998801140113957,1.1341233266272237,1.127234037811137
2019-12-31,1.1256238430310546,1.1339557769154847,1.0565530313240314
2020-01-02,1.0662530093744167,1.1332267363594983,0.9975398518355044
2020-01-03,1.32571131699175,1.1328123781103383,1.2699219346085806
2020-01-06,1.2259885611211876,1.1323246513257583,1.1768281369851759
2020-01-07,1.1458468955318595,1.1318339312814403,1.0981997851028746
2020-01-08,1.0820391083505252,1.1312808510710326,1.032259938193864
2020-01-09,1.0314121116217319,1.1303407627790834,0.9773612331170088
2020-01-10,0.9918872193954311,1.1294035735732377,0.9320538546672076
2020-01-13,0.9611085724308154,1.1284512023122666,0.894791810422961
2020-01-14,0.9381459438701423,1.1274080627705305,0.865367168316432
2020-01-15,0.9195521583901589,1.1261631427106822,0.8407274849795264
2020-01-16,0.9050209942316255,1.1248881704418445,0.8206736744894404
2020-01-17,0.8938083821491047,1.1236270021675343,0.8045744962400933
2020-01-21,0.9860953726693985,1.122492950534657,0.9025547739611155
2020-01-22,0.9558780570763198,1.1213635949146914,0.8713653148938165
2020-01-23,0.932728320573574,1.120240186745682,0.8462969478853153
2020-01-24,1.2350925163727613,1.1195793084904704,1.1688006776178734
2020-01-27,1.992931137796788,1.119922959850364,1.9532922362002056
2020-01-28,1.7766411342755746,1.1203619915009613,1.7648633601500145
2020-01-29,1.596513075424063,1.1206633535544919,1.6021499929781857
2020-01-30,1.4461975508207723,1.1206975327892892,1.460917081835927
2020-01-31,1.9384886690409104,1.1211723364407455,1.9455548411699939
2020-02-03,1.730848485570011,1.1214184268148977,1.7581388341083874
2020-02-04,1.55739876974396,1.1214186515302837,1.595594948600678
2020-02-05,1.4140737703528765,1.121457863675671,1.455272250817695
2020-02-06,1.2967189672400108,1.1214988720457992,1.3347694587455916
2020-02-07,1.2258229806950105,1.1215452714892966,1.2553612611515461
2020-02-10,1.1445599433843558,1.121478199520615,1.1644945392744444
2020-02-11,1.0819535165615943,1.121413370706806,1.0898728898362415
2020-02-12,1.0307609014703654,1.1215943651784277,1.0253058177929157
2020-02-13,1.0134036412012737,1.12179790693333,0.9944319343223045
2020-02-14,0.9774274950092207,1.1220338657990676,0.9460584738799183
2020-02-18,1.1150184715958746,1.122472633073965,1.0768708501951383
2020-02-19,1.057180845456443,1.1229199811206496,1.0144591800560534
2020-02-20,1.1616727973056784,1.1233958643327828,1.1178623976143038
2020-02-21,1.2855713189084454,1.1240635782730442,1.245354383298184
2020-02-24,3.019208704279981,1.1274053805087147,2.986794877456435
2020-02-25,2.7629515956672135,1.1303019702716615,2.7778070991341357
2020-02-26,2.4315808191380355,1.1321849919514038,2.4856042645602296
2020-02-27,3.3330312689802355,1.1345955103031211,3.3732608318954527
2020-02-28,2.9251075672528697,1.1369887281763176,3.0140494621024385
2020-03-02,2.571506624529675,1.1394457020850093,2.6931003174779806
2020-03-03,2.3755579134173934,1.1413825248355611,2.510330448367306
2020-03-04,2.1036484307031915,1.1433956323163037,2.2510902958344428
2020-03-05,2.4323781696109674,1.145586365142323,2.54445632699797
2020-03-06,2.191486016382491,1.1477371284401319,2.3175509314791767
2020-03-09,2.7177074014691134,1.1503092749343542,2.807167825406953
2020-03-10,2.395942895813671,1.1529251909816178,2.511375240779442
2020-03-11,2.3245798071909682,1.1555975545145463,2.440809218271678
2020-03-12,3.1968129504242193,1.1588999611700745,3.2681752706977023
2020-03-13,2.8067849294165734,1.1621431116691268,2.9166003085784658
2020-03-16,3.585442717433929,1.1658437871344514,3.665972111186881
2020-03-17,3.141168018428814,1.1694978460860883,3.266927051527169
2020-03-18,2.76069786829345,1.172922687989281,2.915949197088317
2020-03-19,2.4356554928807155,1.1763114230508858,2.606900642525526
2020-03-20,2.159493273895522,1.1795508178963718,2.335701205205837
2020-03-23,1.9262006437544352,1.182610989294451,2.098287501749939
2020-03-24,1.7270559921438564,1.1830991792745018,1.891079691604772
2020-03-25,1.5836055304273222,1.1835622569176496,1.730710166376797
2020-03-26,1.4436242017921423,1.1840505867571707,1.5718696090961235
2020-03-27,1.4266534239260775,1.1840047212743705,1.5252590311156988
2020-03-30,1.3154139652596062,1.1842577574160111,1.3947863320236544
2020-03-31,1.225708058225938,1.184470317061597,1.2830536980189098
2020-04-01,1.242713925245871,1.184726125313357,1.273499583038801
2020-04-02,1.1679193807793413,1.1851457226856115,1.1798603425829686
2020-04-03,1.108652490187976,1.1854211555392455,1.1007519284561804
2020-04-06,1.0622615271203228,1.1857085324817394,1.0343926043819145
2020-04-07,1.0513238454443998,1.1855964169986346,1.005528094087878
2020-04-08,1.01752821680777,1.1855644276039998,0.9552249494229095
2020-04-09,0.9914937276654855,1.1854907743209138,0.9137809912665068
2020-04-13,0.9710622142787763,1.184784086658831,0.8798659897961735
2020-04-14,0.9554394046720074,1.18412209505608,0.8522857548967951
2020-04-15,1.1003640452141281,1.1831786255675854,1.0040729754355509
2020-04-16,1.0543244149691309,1.1822305663448227,0.954022131818754
2020-04-17,1.0185371745793081,1.1813589683072627,0.9127935889345412
2020-04-20,1.4105820968663967,1.1810697862531239,1.331581596448374
2020-04-21,1.3263310446491101,1.1807623926938053,1.2553989995216661
2020-04-22,1.2335088147232673,1.1805352904509039,1.164526566463814
2020-04-23,1.1593356442376814,1.180313695591134,1.0878525856015602
2020-04-24,1.1010911569892838,1.1805523673264138,1.0236193608954454
2020-04-27,1.055620875125156,1.1809143389763714,0.9701981818164782
2020-04-28,1.022104323442573,1.1811969454752242,0.9280514813306425
2020-04-29,0.9944065928984985,1.1813363568433846,0.8915189195973353
2020-04-30,1.1685588508928424,1.1816569299081692,1.0758698694544802
2020-05-01,1.268801856871277,1.18205906959001,1.185363225344873
2020-05-04,1.1880365448924541,1.1822108492143018,1.1053851962099004
2020-05-05,1.1238742367364776,1.1822990941381966,1.0382655093953568
2020-05-06,1.0789440671323052,1.1823627159209646,0.9883211583286073
2020-05-07,1.0385684917231024,1.182580730436616,0.9410161358871589
2020-05-08,1.0075852896901583,1.183039218284838,0.9021286028056089
2020-05-11,0.9838322783889538,1.1834533450880098,0.8703716309715063
2020-05-12,1.6284831224179144,1.1849415783067112,1.5538550202641173
2020-05-13,1.5558766236434045,1.1862180726999567,1.4960064959752015
2020-05-14,1.4220091392111374,1.1873532330355614,1.3696792719465387
2020-05-15,1.313067381363196,1.1884803119951126,1.261633241477094
2020-05-18,1.2254349970520673,1.1896619284485825,1.169805722331704
2020-05-19,1.1928503862597355,1.1902837896905092,1.131776486767595
2020-05-20,1.1295888650301047,1.191052487508422,1.0603598521256827
2020-05-21,1.147381711550258,1.191777766196366,1.072559217945564
2020-05-22,1.0940393649224875,1.1925495159531112,1.0108655518910514
2020-05-26,1.0520909580449782,1.192849118706972,0.9596388820801292
2020-05-27,1.0195413027435425,1.1930010041906922,0.9174057880785362
2020-05-28,1.0254387763294306,1.1931870850792847,0.9171956279878356
2020-05-29,0.9990404316142565,1.1932596297537263,0.8826517591893194
2020-06-01,0.9963467649367864,1.1930979557437855,0.8745911684895978
2020-06-02,0.9765244513067761,1.1928516538111518,0.8480113961498394
2020-06-03,0.9614504168182569,1.1926530543288774,0.8265382314206644
2020-06-04,0.9508550615104281,1.1923534023099025,0.8103646290405325
2020-06-05,0.9419389088470653,1.1921433051441424,0.7963259809901974
2020-06-08,1.0059184758219724,1.1918476479819053,0.8677224394931827
2020-06-09,1.0928578937812545,1.1912924980876862,0.9673172757684007
2020-06-10,1.0502029003959188,1.1907332799581947,0.9237170021169904
2020-06-11,3.0172031950135545,1.1935737279280239,2.9591411186356082
2020-06-12,2.654391930367481,1.1963933199412307,2.6448468915988315
2020-06-15,2.3455465034827174,1.1991200173460537,2.3689664835113224
2020-06-16,2.0841312434681267,1.2018203992277716,2.127373592014341
2020-06-17,1.8640782387013695,1.2043680600215203,1.9164081715542751
2020-06-18,1.6803899547426486,1.2068630493970722,1.732815789401747
2020-06-19,1.5972863237378576,1.209218481499518,1.6400487187885608
2020-06-22,1.4602819056606844,1.2116136364369625,1.4935786152727284
2020-06-23,1.3486758038906164,1.2139389885822103,1.3675967300341136
2020-06-24,1.3735133898146026,1.2163497095819114,1.3731531888321857
2020-06-25,1.279269749505553,1.2187786132025784,1.264595419887325
2020-06-26,1.3212017302440986,1.2212660348998494,1.2909532989229318
2020-06-29,1.23812236713501,1.2238390041177802,1.1946637200484493
2020-06-30,1.172341057883754,1.2264118150115808,1.1132206196437435
2020-07-01,1.1208740339574292,1.2289751388860557,1.044819299209198
2020-07-02,1.0810439621032994,1.2314821752668612,0.9877863250723812
2020-07-06,1.0527828323068342,1.233971558829457,0.9429849182251008
2020-07-07,1.0959644574528864,1.2364328999181475,0.9782266669847025
2020-07-08,1.062917976139269,1.2388450072547412,0.932695898993879
2020-07-09,1.0797958807107944,1.2411561916213447,0.943179312750232
2020-07-10,1.051280219541869,1.243589837526827,0.9039008065047845
2020-07-13,1.5743097687558192,1.2425506750229545,1.475193169723884
2020-07-14,1.4416909571749417,1.2415670694730914,1.351834074137799
2020-07-15,1.3341550674490577,1.240638949896383,1.2464260844510597
2020-07-16,1.2493461585965677,1.2397142009350381,1.1585942982770112
2020-07-17,1.180510421809143,1.2389542364429769,1.0828667286420801
2020-07-20,1.1263472892496347,1.2382526220444678,1.019459239008603
2020-07-21,1.0897335711080944,1.2375145671869887,0.9731140652564837
2020-07-22,1.055508550415391,1.2366668540880361,0.9284862454554725
2020-07-23,1.1464298774892427,1.2359675092816962,1.0241840772048745
2020-07-24,1.0991812334642546,1.2351719847859246,0.970665991986945
2020-07-27,1.0624408576480857,1.2343913609548633,0.9264716941169872
2020-07-28,1.053449254591791,1.2335256689668035,0.9126512608877501
2020-07-29,1.026884478410303,1.232604681152883,0.8789445648048573
2020-07-30,1.0251982832603652,1.2316708310258873,0.8735131687616392
2020-07-31,1.0049152800112058,1.2306556983982158,0.8471383192844012
2020-08-03,0.989311633409817,1.2296177991554937,0.8258348648488995
2020-08-04,0.9773331284674639,1.2285983037592068,0.8087110633594671
2020-08-05,0.9680797611767328,1.2275396759371977,0.7950047999855095
2020-08-06,0.960881089417416,1.2264320543756184,0.7840727823359258
2020-08-07,0.955240778024054,1.225292685034886,0.7753794451750703
2020-08-10,0.9506886114811727,1.224017411640864,0.7684832698243991
2020-08-11,1.1179309263098502,1.222152988786592,0.9667138666637611
2020-08-12,1.0738080834115564,1.2203440547648847,0.9232206258527806
2020-08-13,1.03936756732159,1.2184817667901313,0.8875711194039607
2020-08-14,1.0126292450843004,1.216625845525238,0.8585370626827942
2020-08-17,0.9918079491514473,1.2146470746681934,0.8350282366483184
2020-08-18,0.977097043286899,1.2126197722287064,0.8178630569967078
2020-08-19,1.021608267390197,1.2106692149385812,0.8702501640333083
2020-08-20,0.9992269471946802,1.2087154057097147,0.8464397155143419
2020-08-21,0.9800762256069677,1.2066213324817359,0.8252721369342357
2020-08-24,0.9651878324968669,1.2045350206615,0.8082598864226778
2020-08-25,0.9535296387632636,1.2024112424624114,0.7946443128847019
2020-08-26,1.023835734871566,1.2003792300768954,0.8775199074664916
2020-08-27,1.061357297049396,1.1983429308841438,0.9243662001609536
2020-08-28,1.0258564636439154,1.1964075375890943,0.8885069971587168
2020-08-31,1.421330424637424,1.1950777196483917,1.325169364270092
2020-09-01,1.3108659748425848,1.193753914339132,1.2237318235626626
2020-09-02,1.2280743365122488,1.1924250467010495,1.144386214527246
2020-09-03,2.0541337152191432,1.1922411719111197,2.0021266393512676
2020-09-04,1.8339069442040947,1.1921101173968789,1.807328581083141
2020-09-08,1.6585921017537735,1.1919705919191128,1.6464267854963972
2020-09-09,1.5055670652614583,1.1919219655665383,1.4990791253299474
2020-09-10,1.397770294433245,1.191632174792205,1.390103470968978
2020-09-11,1.2925040487364055,1.1913552165496233,1.2790562958681686
2020-09-14,1.2079328093896613,1.1911073906243719,1.184571476948521
2020-09-15,1.1406707132209541,1.1908625814929277,1.1047183966966423
2020-09-16,1.0949555004656584,1.190592640662624,1.0452839690725195
2020-09-17,1.058317020556695,1.190329095670605,0.9948765712388649
2020-09-18,1.0234993385439972,1.1900070470379576,0.9464255913699714
2020-09-21,1.1271864193646053,1.1898473666819624,1.047341875416046
2020-09-22,1.0770874059239577,1.1897150953064353,0.989882047518794
2020-09-23,1.131049494938219,1.1896884062644302,1.0430734336565188
2020-09-24,1.0801698033179783,1.1896536672494227,0.9863362023164313
2020-09-25,1.0405899134625514,1.189676862009176,0.9393791502902329
2020-09-28,1.009950737412474,1.1896226342836622,0.9007877552453742
2020-09-29,0.9865857854236498,1.1894515677403599,0.8695581015665371
2020-09-30,0.9683855761007597,1.1886761106373762,0.8443807269235839
2020-10-01,0.9582731844312455,1.1879077842997747,0.8284757980774091
2020-10-02,0.9781085461235886,1.187178761602481,0.8475387707945874
2020-10-05,0.9640413621831794,1.1852744644174191,0.8305760362543576
2020-10-06,1.0233176163831053,1.1834139512444495,0.897612673707318
2020-10-07,0.9941134723963859,1.1816303787564029,0.866697102798896
2020-10-08,0.9715040586636785,1.1798888557826115,0.8416223333538625
2020-10-09,0.9540663750494511,1.1782357675779496,0.8213937326276601
2020-10-12,0.9406450318797203,1.1764213173859102,0.8054034467271667
2020-10-13,0.9719297567211327,1.174639892052028,0.8410029013029622
2020-10-14,0.9576403938848861,1.1728687599215866,0.825884907235869
2020-10-15,0.9547173717912543,1.171113024434448,0.823270558200644
2020-10-16,0.946880262757652,1.1693665054207771,0.8150413560059392
2020-10-19,1.0371276565592107,1.1677482639678811,0.9183953658419667
2020-10-20,1.0028469534280893,1.1659718504320764,0.8846221023691416
2020-10-21,0.9753139248467644,1.1641916440174271,0.8561434249002909
2020-10-22,0.9538950697010653,1.1623212327063461,0.8330959272496776
2020-10-23,0.937299021657443,1.1604722366347244,0.8145389272465743
2020-10-26,1.5033038255788485,1.1594211745521987,1.4269865227114094
2020-10-27,1.3869204216536721,1.1583835168026175,1.3249827047927836
2020-10-28,1.8704529184130778,1.1579308269495203,1.8297999234889044
2020-10-29,1.676744094965001,1.1575226995614383,1.657663512296751
2020-10-30,1.5182856845798158,1.1571126859558667,1.5109974176020289
2020-11-02,1.385740430239372,1.1566702831835871,1.3825419588569454
2020-11-03,1.2778522308936977,1.1562561532809241,1.2726036633610638
2020-11-04,1.191477048037435,1.1563943220199588,1.1791010185730482
2020-11-05,1.1226636700276713,1.1565623251688602,1.1001126724113308
2020-11-06,1.0685127589317782,1.1568676536233522,1.0338583268514117
2020-11-09,1.0572443691029998,1.1571085480627996,1.010979596233277
2020-11-10,1.0174875999244413,1.1573871694467672,0.9597332816986186
2020-11-11,0.9868116841626876,1.1577029463554112,0.9174832467135299
2020-11-12,1.1162346204987552,1.1582065308052791,1.0462750728178514
2020-11-13,1.064097285026139,1.1589078979798177,0.9889957269877357
2020-11-16,1.023497245721746,1.1596181854386383,0.9415725845626559
2020-11-17,0.9955446730307987,1.1601891432003664,0.9063907501734558
2020-11-18,1.032348185449076,1.1608301581196105,0.9413043737282857
2020-11-19,0.9991613743535125,1.161477328233315,0.9023646136678898
2020-11-20,0.9906631597066684,1.162128583247138,0.889316793949153
2020-11-23,0.9673640369581661,1.162826176175958,0.8599546336871499
2020-11-24,0.9489660773705244,1.1626329601383232,0.8361730323324235
2020-11-25,0.934958112430712,1.1624422050149417,0.8170112777679388
2020-11-27,0.9238757643752757,1.1616878737423404,0.8016419001025333
2020-11-30,0.9153521224097314,1.160900926005316,0.7893620386109279
2020-12-01,0.9114826690617875,1.1601199610385127,0.7826946991004858
2020-12-02,0.9161801373092522,1.15934890347988,0.7863929017990944
2020-12-03,0.9098810383780948,1.1585518840345477,0.778119247930547
2020-12-04,0.9037386746178345,1.1571309796215812,0.7706549578118602
2020-12-07,0.9156851795240546,1.1556317908399718,0.784430256938117
2020-12-08,0.907297772509114,1.1539037706845403,0.7756634450584867
2020-12-09,1.0476910613343993,1.1523567572587927,0.935868144558837
2020-12-10,1.0108608153450207,1.1507801823111137,0.9015095140928908
2020-12-11,1.0100635128545135,1.1491511179997174,0.904656712792206
2020-12-14,1.0659203065895688,1.1474372767171197,0.9696673862722207
2020-12-15,1.0207854152563114,1.145672591973815,0.9256500267379675
2020-12-16,0.9855196984332681,1.1439011093621685,0.8895559206705332
2020-12-17,0.9581194643675705,1.142153686681438,0.8601488964127083
2020-12-18,0.936826385196318,1.1403465736345246,0.836329882283301
2020-12-21,1.4441636680099663,1.1393508204236305,1.3778723511269104
2020-12-22,1.3223436467121548,1.138360283917179,1.268620113351511
2020-12-23,1.2234631616848952,1.1373348741685538,1.1757249321163519
2020-12-24,1.1440977091140423,1.1363710767174602,1.0972714304127307
2020-12-28,1.082465219764589,1.135401467323343,1.0330403535196484
2020-12-29,1.1245042427665624,1.1345221020323932,1.0741980487787157
2020-12-30,1.0653223624800148,1.1336449444160195,1.012231244331057
2020-12-31,1.0188032332104173,1.1327683311251247,0.9607688358809314
2021-01-04,1.5751312745292056,1.1327360734080998,1.5319786734808027
2021-01-05,1.4299713157962297,1.1327508675785687,1.4005578188707528
2021-01-06,1.3110742496136518,1.1327463069902282,1.2879816955221066
2021-01-07,1.2149165452820208,1.1329499582947167,1.1921422482237596
2021-01-08,1.1377959799542272,1.1331474573064177,1.1110956916485637
2021-01-11,1.3411259269733027,1.1334212967824453,1.3124412946871187
2021-01-12,1.2393663526173366,1.1337069621379239,1.2129116126082726
2021-01-13,1.1575428372202905,1.13400244444181,1.128610749550083
2021-01-14,1.1414372781716917,1.1342377528543124,1.1079244270255981
2021-01-15,1.1292858681485394,1.1343578324320769,1.0915203562004696
2021-01-19,1.0700420421646992,1.1345198808306536,1.0266811423221913
2021-01-20,1.0236801668490016,1.1348067130573383,0.9727355180109339
2021-01-21,0.9876554419431911,1.1350870345484527,0.9281746150374939
2021-01-22,0.9792969621110851,1.134553087343206,0.9130617569474697
2021-01-25,1.0374210119329568,1.13410388413055,0.9698160279145731
2021-01-26,0.9975320205386894,1.1336321625642067,0.9257723910335629
2021-01-27,3.625588161940074,1.1401126365407936,3.5730911323390564
2021-01-28,3.1823562214183383,1.1466205492664083,3.1850865922294793
2021-01-29,2.8785188691408643,1.152983111758364,2.918227667609229
2021-02-01,2.5412325513419667,1.159301734666174,2.6089023209004973
2021-02-02,2.2538620454677347,1.1656876065224335,2.3374553856704945
2021-02-03,2.008872400128988,1.1712519148330132,2.0998205923364024
2021-02-04,1.8026054143932888,1.176733378467697,1.8923931515411905
2021-02-05,1.6304217000518608,1.1821749312178802,1.711963188856583
2021-02-08,1.4932389386832907,1.1873446374157757,1.560809109404478
2021-02-09,1.381877870146273,1.192441424976506,1.4313559683041812
2021-02-10,1.2907968329679154,1.197219348323439,1.319674773571125
2021-02-11,1.212466603251405,1.2019585716654297,1.2190597803225238
2021-02-12,1.1506981706772632,1.2066925474204273,1.133801093666786
2021-02-16,1.2202183935673154,1.2114640844862055,1.1818930916119275
2021-02-17,1.1583336980335157,1.2161444831926838,1.1025448562303486
2021-02-18,1.1572135153030316,1.220782786575892,1.0855013551350363
2021-02-19,1.1098249807965217,1.2252513456430074,1.0216572301902433
2021-02-22,1.1628616082750347,1.2297765162825318,1.065324964506136
2021-02-23,1.11571344708218,1.2342437522628988,1.0048399215795518
2021-02-24,1.0796642478104015,1.2387453297591076,0.9546561328562239
2021-02-25,2.442594178327624,1.245826583437679,2.3662374437067806
2021-02-26,2.166224780580261,1.2463954540995406,2.1249865505456733
2021-03-01,1.9342317544699756,1.2470998628818784,1.914327432807669
2021-03-02,1.755671768867974,1.2477856979465665,1.7459368029799933
2021-03-03,1.7537336970019135,1.2485512868921325,1.7451456672725059
2021-03-04,1.6675647273794203,1.249236930289847,1.6601555469292628
2021-03-05,1.5209581296012065,1.250111900591303,1.5109228663303762
2021-03-08,1.420791866530774,1.250977395479231,1.4019583103644702
2021-03-09,1.3205897091829848,1.2518778215145436,1.289177765864739
2021-03-10,1.240556175269786,1.2528463928191678,1.1931570944347605
2021-03-11,1.177289828377023,1.253823059287075,1.1119508640223272
2021-03-12,1.1278639545618967,1.2548692537471782,1.0437569199770607
2021-03-15,1.089596547351358,1.2559151786645466,0.9869038676588516
2021-03-16,1.0601750591293873,1.256877029784537,0.9398472854671657
2021-03-17,1.037707363373702,1.257735364852241,0.9011712179158853
2021-03-18,1.318797038213235,1.259007409033005,1.2027078647784757
2021-03-19,1.2404630345157408,1.2602403770709778,1.1200022749976897
2021-03-22,1.1788370421733447,1.2616951596958752,1.050495722980346
2021-03-23,1.2467166815279245,1.263170411306408,1.1216756964470613
2021-03-24,1.2252181291508872,1.2646718388578122,1.0973663909560927
2021-03-25,1.1675290985667124,1.2661019248070038,1.0315637042858767
2021-03-26,1.1204031524411202,1.2650057565086414,0.9767837652213515
2021-03-29,1.283171536467358,1.26415475002074,1.15610837727265
2021-03-30,1.2108218828547823,1.263144077292848,1.0807780697256955
2021-03-31,1.153749796099657,1.2621319962666346,1.017717039259931
2021-04-01,1.1092987514641852,1.2613400873673999,0.9653093618110207
2021-04-05,1.1008058411908979,1.260530588284156,0.9520947011721052
2021-04-06,1.071212214269423,1.2594681877681548,0.915075675559131
2021-04-07,1.0450850568255199,1.2584835874972704,0.8809220555758609
2021-04-08,1.024947038631753,1.25745202373689,0.8531420444451204
2021-04-09,1.0094239941669705,1.2563560307492458,0.8306744849819333
2021-04-12,1.0019570110538676,1.2552521547482005,0.8180557633804678
2021-04-13,0.9915877631354676,1.254081399271993,0.8024779623142309
2021-04-14,0.9943404487397663,1.2529021079078764,0.8033468765110126
2021-04-15,0.9854188185741127,1.251745461345876,0.7907221281841049
2021-04-16,0.9784877188805183,1.2505825058747624,0.7806643324758729
2021-04-19,1.0710911725898968,1.2491385863866347,0.892678076352276
2021-04-20,1.1830867187150738,1.2478597132690838,1.0269996884128059
2021-04-21,1.1291851114852693,1.2464472118786258,0.9729994676257537
2021-04-22,1.1894864185857694,1.2450284526869255,1.0459616742500655
2021-04-23,1.1338075392234788,1.2437137452002371,0.9887354105118316
2021-04-26,1.0976493866440231,1.2423066722834584,0.9499889641464263
2021-04-27,1.0619200986891624,1.240844491465389,0.9094840691293059
2021-04-28,1.0340319820972657,1.2391454151954888,0.8763626988867109
2021-04-29,1.0215833534274137,1.2373982867290547,0.8603155816326937
2021-04-30,1.0791433936229236,1.2357535094022596,0.9263325558351062
2021-05-03,1.0461034499512942,1.2337895865989468,0.8901138219351501
2021-05-04,1.1142413077964755,1.2319199064874307,0.9694724544823334
2021-05-05,1.0725820080534636,1.2300617252804835,0.9254896628271978
2021-05-06,1.0401155147386274,1.2281683141980175,0.8894248905894191
2021-05-07,1.0151625525008299,1.2265667352410956,0.8600425408083021
2021-05-10,1.5473535975981703,1.2258274005748118,1.44645202063532
2021-05-11,1.608913285419696,1.2252389024186263,1.5283189353011366
2021-05-12,2.2394643734607613,1.2253437917580519,2.1884337687030877
2021-05-13,1.9930367181765618,1.2256388734043973,1.9696637479529344
2021-05-14,1.787337763266921,1.2262665338334893,1.7790954105949461
2021-05-17,1.6523441167020871,1.2268999323498229,1.6492582332673074
2021-05-18,1.6101126047578163,1.2274667962922663,1.6056945039452555
2021-05-19,1.4969292247798494,1.2278703514622382,1.4901721081807966
2021-05-20,1.378398152929697,1.2282409470458147,1.3646752229010388
2021-05-21,1.282611117993291,1.228500974358588,1.257367449872948
2021-05-24,1.2061377533267086,1.2287845311526346,1.166193253281805
2021-05-25,1.1583909132930903,1.229070892991938,1.10248565704956
2021-05-26,1.1084717695999298,1.2295205504585924,1.0358416230293124
2021-05-27,1.0697353710147197,1.2299956536508574,0.9803326721067701
2021-05-28,1.0399440869585248,1.2304566469404763,0.9344704040257241
2021-06-01,1.1230816604325795,1.2309497114017292,1.014432848442912
2021-06-02,1.0813290156099578,1.231447080470777,0.9625906793648067
2021-06-03,1.07355812138887,1.2318528093891739,0.9474856642714969
2021-06-04,1.0433364960548444,1.232503783361333,0.9074309428270562
2021-06-07,1.0202282038838173,1.2331036306815417,0.8746897049811436
2021-06-08,1.0411092392251642,1.2334607022520012,0.893043857825583
2021-06-09,1.072874947046486,1.2330256639664885,0.9268551343117218
2021-06-10,1.0422445586329534,1.2327624004649071,0.89054093224287
2021-06-11,1.0181741540620641,1.2318307156423727,0.8609489253143882
2021-06-14,1.0538377863789095,1.2307678042587886,0.9007631364570822
2021-06-15,1.0618634997022922,1.2293972620760143,0.9107641099648142
2021-06-16,1.1319513717470375,1.228131688378734,0.9921815055724431
2021-06-17,1.0861347098771865,1.2268089386697505,0.9442009955512651
2021-06-18,1.52956884513251,1.2261377801862237,1.4304242363718536
2021-06-21,1.4037710710796116,1.2256976756117308,1.3135060304391448
2021-06-22,1.3019930322394202,1.225333920202979,1.2138164012732733
2021-06-23,1.2202826197238081,1.2248132886281076,1.1293744551741909
2021-06-24,1.155458527165731,1.2242930531535332,1.0583465462692265
2021-06-25,1.104379255509628,1.22362123551367,0.9990318553479663
2021-06-28,1.0664814091206654,1.2229189637911417,0.9520307789142113
2021-06-29,1.0419168872803628,1.2222280409154425,0.9187574913980293
2021-06-30,1.0161174400629092,1.221410672951567,0.883926610075746
2021-07-01,0.9962912465740127,1.2205984351948023,0.855579130180254
2021-07-02,0.981089151912302,1.219785449987005,0.8326405611066519
2021-07-06,1.1555362755015526,1.2189775043043247,1.0276397948697784
2021-07-07,1.1034454803024933,1.2181789523711204,0.9735301289636599
2021-07-08,1.5683435337960876,1.2180226549617212,1.47738075660948
2021-07-09,1.434978594962308,1.2181440949247344,1.3537090248646493
2021-07-12,1.3262801242573152,1.217939274348274,1.2480231776693893
2021-07-13,1.305882598092187,1.2177715647854486,1.2291765829204524
2021-07-14,1.2225795287015073,1.2175784787848378,1.142346836998291
2021-07-15,1.1934653074136674,1.2173800836222024,1.1089076084146956
2021-07-16,1.2767474002323247,1.2172122970131383,1.1945933701473486
2021-07-19,1.8713728757251986,1.2178268152738303,1.8122640205003242
2021-07-20,1.684562055847157,1.2179307911371648,1.6424646845518476
2021-07-21,1.5299531639890156,1.2178395411547451,1.4956617264609
2021-07-22,1.4033084707219579,1.217664988410195,1.3693834846382515
2021-07-23,1.3007013200577604,1.2174962061542534,1.2613811430333024
2021-07-26,1.2286344029042977,1.217327193485794,1.1801459774112693
2021-07-27,1.3547460706715484,1.2173494469543247,1.3020160644170256
2021-07-28,1.2618756040117425,1.217425209201781,1.204055312682935
2021-07-29,1.1877937548244644,1.2175163867480387,1.1211386212239771
2021-07-30,1.1500383610993157,1.2176238039723106,1.0735185680741623
2021-08-02,1.1953738427789025,1.2178188485977708,1.1140686190715543
2021-08-03,1.135501228533021,1.2181209250316654,1.0455288805193284
2021-08-04,1.0884258817209373,1.2181620926625487,0.9883758495633126
2021-08-05,1.0519253148394139,1.2182402866429924,0.9410612583673817
2021-08-06,1.0233588637423336,1.2177670121989674,0.9021654748437229
2021-08-09,1.0320763401996966,1.2169883729929387,0.9055806380439017
2021-08-10,1.0081382405206143,1.2162141045062749,0.8737012441332564
2021-08-11,0.989305520049292,1.2154464957372662,0.847290611301695
2021-08-12,0.9748682495599085,1.2146690660422699,0.8259575243316087
2021-08-13,0.9637867253702969,1.2138615555325905,0.8088095251664634
2021-08-16,1.0032706554066058,1.2129686426284894,0.8519063187933285
2021-08-17,1.244177959939815,1.2116432742354493,1.1243487074746874
2021-08-18,1.7831920255541747,1.2108925385846592,1.7049095811801869
2021-08-19,1.6098089451857323,1.2100364837474944,1.5499263363140845
2021-08-20,1.4670836785950556,1.2094853070624711,1.4159807413944585
2021-08-23,1.3507993633400925,1.2090185060618386,1.3011576952852408
2021-08-24,1.2572857765838281,1.2085450608065882,1.2036842841875108
2021-08-25,1.1820568311210762,1.207883052286106,1.1208258080540439
2021-08-26,1.397938942872685,1.2074782432822548,1.3394586712549217
2021-08-27,1.2950232430346569,1.2073756631637065,1.2358890095797437
2021-08-30,1.2124443640843898,1.2072554361028986,1.148020438842445
2021-08-31,1.1539524704250173,1.2070375984201984,1.081579628136551
2021-09-01,1.1006612666937998,1.206700169884798,1.0183856224436791
2021-09-02,1.0674502349055903,1.206373300433991,0.9749716426645445
2021-09-03,1.0332996293428156,1.206005179093357,0.9300153289059273
2021-09-07,1.2407794002158483,1.2058081190637258,1.1486313873475684
2021-09-08,1.1689643108324566,1.2055761195378747,1.0744989902275386
2021-09-09,1.160398293690576,1.205394564447675,1.0647174554782128
2021-09-10,1.354998745386873,1.2054331354330692,1.2718374943364423
2021-09-13,1.260414131942355,1.2055508268007618,1.17845155182553
2021-09-14,1.185320812269826,1.2056653714858032,1.1000733866429095
2021-09-15,1.1255132429252,1.2058224346892872,1.033825542342614
2021-09-16,1.0967823740378033,1.2056352732066196,0.9987616652635403
2021-09-17,1.3105557599736073,1.2050267714868412,1.2252810648989887
2021-09-20,1.9594821458742613,1.205268703650767,1.9024311183325404
2021-09-21,1.756317556707784,1.2052299183143438,1.7206780291501371
2021-09-22,1.587903145660969,1.2053486748654931,1.5631957650915
2021-09-23,1.4495766678585855,1.2056329740016238,1.427390340446509
2021-09-24,1.336953276670505,1.2059387297868827,1.3109115347726559
2021-09-27,1.3086442083316612,1.205988044716862,1.2755584424086575
2021-09-28,1.9769435500286798,1.2065885429590322,1.9460922999693515
2021-09-29,1.7719463874508168,1.2071900993629794,1.7586060388842069
2021-09-30,1.612174878851547,1.2077877048554517,1.6064484305448463
2021-10-01,1.4702448653200595,1.2084706185919458,1.4646192952436479
2021-10-04,1.4792133558077416,1.2092419261669685,1.467376430231861
2021-10-05,1.3620874465319763,1.2100925039020778,1.345136332123997
2021-10-06,1.2672183237311556,1.2106359105858375,1.2407223283233038
2021-10-07,1.1915469474594782,1.2112797711511574,1.1521074324905642
2021-10-08,1.1317489880711182,1.211907382599842,1.0774175959209131
2021-10-11,1.178009247841459,1.2123520775748273,1.1132241283766715
2021-10-12,1.1210043122129372,1.2126872061665366,1.044822193485571
2021-10-13,1.0765764236690307,1.2131229945887598,0.9877887486704837
2021-10-14,1.042356741235936,1.213734288878748,0.9405771164556365
2021-10-15,1.0161356681073646,1.2143567927096222,0.9017688816986312
2021-10-18,0.9959439020346477,1.2146653316860576,0.870090016032824
2021-10-19,0.9799880284983077,1.2141792487108318,0.8443671476318818
2021-10-20,0.9678040545482334,1.2136772948358225,0.8236030645887616
2021-10-21,0.958346025191319,1.2129619944581942,0.8069218623881745
2021-10-22,0.9716742046591543,1.2121117671238077,0.8181152143799797
2021-10-25,0.9608399138253988,1.211234936748441,0.8025255360423118
2021-10-26,1.0122918630513633,1.2103864110274867,0.8607857294356128
2021-10-27,1.0833739299060137,1.2087859760933695,0.9442643803511811
2021-10-28,1.0449643649426519,1.2072049204671094,0.9047901325721894
2021-10-29,1.0151299089279164,1.2056319289069943,0.8725385378308513
2021-11-01,0.9941716471515369,1.2039665693033177,0.8489321103598332
2021-11-02,0.9756469176910263,1.2022237595389638,0.8272802959094336
2021-11-03,0.9613269579076622,1.2005255449177248,0.8098705007592264
2021-11-04,0.9637261934802851,1.198848257286968,0.8119446877712791
2021-11-05,1.0618157975844964,1.197219348323439,0.9256415872247746
2021-11-08,1.07420649411554,1.1956150935815424,0.944186449807452
2021-11-09,1.0609987144195794,1.1939416719421432,0.9336571255016479
2021-11-10,1.091866261041159,1.192351605861291,0.9714446561693568
2021-11-11,1.048700796223594,1.1907568769484391,0.9271123038769361
2021-11-12,1.0149921241073745,1.1890693066428046,0.8907511571701718
2021-11-15,0.9927332632686385,1.1873582205888835,0.8655979182045206
2021-11-16,0.9715314240929113,1.185655823584568,0.8407334797663287
2021-11-17,1.0070909651069262,1.1839776906681985,0.8803551805947416
2021-11-18,1.002028813956964,1.182324244866864,0.8756823739233308
2021-11-19,0.986355619439561,1.1806524755405376,0.8587794780966764
2021-11-22,1.0832658787204552,1.1791113840515661,0.9683166135102712
2021-11-23,1.0427985845790164,1.177574588720392,0.9278665464386568
2021-11-24,1.0082435955660716,1.176014357055219,0.8913676817116492
2021-11-26,3.2868044906869653,1.1801672237441607,3.2302926802381235
2021-11-29,2.887375742780977,1.1844048936069118,2.8832660231064353
2021-11-30,2.826644130413307,1.1887051543591456,2.851657728409916
2021-12-01,2.680363057497995,1.1930363850277157,2.7296847510289535
2021-12-02,2.3705302191703868,1.1973615243526075,2.4433760742055246
2021-12-03,2.2128779270443277,1.2015747317582872,2.2923366506689193
2021-12-06,1.9750261162830225,1.2058290177301259,2.0603875946044714
2021-12-07,1.775931079743806,1.2102878252713278,1.8580411297923414
2021-12-08,1.6104373319070817,1.2147449954620106,1.6821533699398519
2021-12-09,1.5872932243287627,1.2192159447776265,1.6376030288198664
2021-12-10,1.455967249631667,1.2238393129818963,1.491469278262211
2021-12-13,1.4780773795711781,1.2284364598952606,1.4913760089259853
2021-12-14,1.4718402481247754,1.2328916886734211,1.4685426490231737
2021-12-15,1.3634524150112464,1.2375468427498006,1.3461354285509317
2021-12-16,1.3590408073343492,1.2422310075022278,1.3250870205386514
2021-12-17,1.319354692264366,1.246849474475568,1.270577700103382
2021-12-20,1.3130564420465711,1.2514685165836175,1.250635500855465
2021-12-21,1.238183018781957,1.256175997223319,1.160494386026921
2021-12-22,1.179562461254172,1.26101668981818,1.0844633769749903
2021-12-23,1.1342164237922143,1.2658418574213763,1.0207912166550024
2021-12-27,1.0995945143551782,1.270580476790038,0.9678552185115292
2021-12-28,1.0690560004040948,1.269885917710721,0.9241592590024731
2021-12-29,1.0454850128050617,1.269096662985133,0.8883379424520829
2021-12-30,1.0397551807997882,1.2682243586999897,0.873889423210969
2021-12-31,1.0227753360342633,1.2672888179101085,0.847443024633515
2022-01-03,1.0097491074519451,1.2663530834644814,0.8260803181289335
2022-01-04,1.008622682671771,1.2653863868400042,0.8198232785179986
2022-01-05,1.49738225580511,1.2651321480382989,1.3717125413146882
2022-01-06,1.3826869493851457,1.2645068398391526,1.2633669015768936
2022-01-07,1.2903291766057217,1.2638295802836712,1.1712741831014633
2022-01-10,1.240624020402636,1.2630988892402686,1.1199289227446536
2022-01-11,1.177196712533636,1.2621716285830547,1.050434310178414
2022-01-12,1.127365257580701,1.261191636508901,0.9924520905313264
2022-01-13,1.496895723823139,1.260674819293223,1.3929208118195378
2022-01-14,1.3815957295822827,1.2599689996186414,1.2814611301167116
2022-01-18,1.7909639192345557,1.2597212691702875,1.715562846415135
2022-01-19,1.6552141613700628,1.2594562826870968,1.592830273444098
2022-01-20,1.5942100488956905,1.2591887388314749,1.5389600579612195
2022-01-21,1.6988453019624832,1.2589748829901255,1.6507747999045783
2022-01-24,1.567545157244282,1.2584577561444008,1.5247499926217412
2022-01-25,1.4694011637398412,1.2579341063823655,1.4257234795008464
2022-01-26,1.3715159554303407,1.2574165515055065,1.3221669758392847
2022-01-27,1.2805621218824177,1.2569398840040045,1.2211787485867907
2022-01-28,1.208303367536481,1.2566268849582998,1.1355904402556407
2022-01-31,1.1515875042739914,1.2565708336580155,1.0635573158039016
2022-02-01,1.1076631672128492,1.25689998647466,1.0033682335015395
2022-02-02,1.0745308855495965,1.2571838529029873,0.9543880342921321
2022-02-03,1.2633287030697908,1.257733461429726,1.1517216382442417
2022-02-04,1.1949056414629566,1.2575237667734158,1.0770936059600391
2022-02-07,1.1411121417284107,1.257320350586914,1.0146449723918214
2022-02-08,1.0992572310428528,1.2571900667759033,0.962766195916745
2022-02-09,1.0670092708125831,1.2571811468519563,0.9199753257560771
2022-02-10,1.6719949282219728,1.2580835425360273,1.5736087455272991
2022-02-11,1.8111206475549881,1.2591536157276442,1.7339330436899807
2022-02-14,1.6591032879239316,1.2596875612627125,1.5945451263604928
2022-02-15,1.514974241365179,1.260286767366856,1.4543677966731798
2022-02-16,1.3970794436967426,1.2604027356365106,1.3339950734541715
2022-02-17,1.6771731216544106,1.2608682008838197,1.6198222124665413
2022-02-18,1.5296849911011088,1.2612713585902124,1.476141627351522
2022-02-22,1.4351104737963556,1.2615006064207817,1.3793583595280816
2022-02-23,1.4361860366958035,1.261803808838759,1.3770594366257398
2022-02-24,1.3338553699708227,1.2620904658541716,1.2679268653987894
2022-02-25,1.2521350534187596,1.2625358482039233,1.1751373979241746
2022-02-28,1.3499936666518106,1.2631100617127553,1.2695607271808624
2022-03-01,1.4574238614761321,1.263672348356171,1.3795755651648807
2022-03-02,1.3513357924661065,1.2640664381273636,1.270073035695192
2022-03-03,1.2659247702766545,1.2640755088205768,1.1769561827018031
2022-03-04,1.2475616056932821,1.2641329218084623,1.1515759063127364
2022-03-07,1.5155482532733822,1.264287903920622,1.4313445245642293
2022-03-08,1.3980952242247306,1.264414466858079,1.3142930632092678
2022-03-09,1.3035808145258967,1.2646445397818313,1.2144852391033825
2022-03-10,1.228246178907144,1.264867697429261,1.129939062073703
2022-03-11,1.1751891847698397,1.2649531643503644,1.065929053924322
2022-03-14,1.1508040510877602,1.2640974377001166,1.0324795048813318
2022-03-15,1.107193836688048,1.2631284162744498,0.9775433780656488
2022-03-16,1.0736353459159214,1.2625007184156372,0.9321330698993573
2022-03-17,1.0477217283229359,1.2618022111250242,0.8948567237273238
2022-03-18,1.0279310774560715,1.2612243051892078,0.8644560879535756
2022-03-21,1.0125110310510204,1.2602837680459111,0.8398103785974546
2022-03-22,1.0006972968885246,1.2593672411175383,0.8199359267650125
2022-03-23,1.010770816753234,1.258459458226605,0.8273494400795833
2022-03-24,0.9991657880452073,1.2577008022578344,0.8099260410679484
2022-03-25,0.990315367951038,1.2569930119137498,0.79597543178166
2022-03-28,0.9834856582584212,1.2562353760342846,0.7848456867435789
2022-03-29,0.9781219433179075,1.2553597556079295,0.7759932937854553
2022-03-30,0.9872783862720788,1.2543177874844955,0.7858726385362962
2022-03-31,1.0770718471856926,1.2533079286432365,0.8950179305466455
2022-04-01,1.0484976051474795,1.2523641626939026,0.8645871130198506
2022-04-04,1.0265368069387477,1.2514701274900653,0.839916295829531
2022-04-05,1.352055701515289,1.25069766130748,1.2149540880214362
2022-04-06,1.3136722604972673,1.2499541527592122,1.185561770638713
2022-04-07,1.2329755909992703,1.2491153861833582,1.1055524030999164
2022-04-08,1.1689385492830666,1.24818571214383,1.038405302374752
2022-04-11,1.5149029632289983,1.247746517526697,1.4146316312029785
2022-04-12,1.3946937341222982,1.247283226857477,1.3000047292221673
2022-04-13,1.2977620382797457,1.2469132383610337,1.2023473192052287
2022-04-14,1.253044703113181,1.246222777837093,1.155380664543076
2022-04-18,1.1844928686995122,1.2455038113149233,1.080166770457229
2022-04-19,1.130405302535334,1.2446545544848981,1.0172073240003732
2022-04-20,1.0882208452331723,1.2438695494303251,0.9648872721722471
2022-04-21,1.3212332965831584,1.243409475595228,1.2151261267868452
2022-04-22,2.006851115553917,1.2438427054897256,1.9365715478649375
2022-04-25,1.8001047969493331,1.2440511613273788,1.7503320484982272
2022-04-26,2.2554229049116263,1.244683911681998,2.2220580190445074
2022-04-27,2.0085932689322643,1.2452165739340284,1.9990096548040983
2022-04-28,1.8021209504359021,1.245718057989046,1.8046173777285865
2022-04-29,1.8075405057702028,1.2463187232806865,1.8105904451310904
2022-05-02,1.6353501643379011,1.2467932867961713,1.6410149176652846
2022-05-03,1.493855631578902,1.247329189909384,1.4944112807390073
2022-05-04,1.378911327098302,1.2480639647069376,1.3683109383469827
2022-05-05,1.963210727354555,1.2490406382500132,1.941299791376901
2022-05-06,1.7653516250311156,1.2499750189503789,1.7544412443852315
2022-05-09,1.8980296098849458,1.251105304920413,1.8876739019226814
2022-05-10,1.7117011538232954,1.2522462425577487,1.707866880058279
2022-05-11,1.5572750624086937,1.2528914478118207,1.5521231368676909
2022-05-12,1.4310461627774276,1.2535408441690283,1.4178692407976132
2022-05-13,1.328890600463409,1.254144192666856,1.3027717390241471
2022-05-16,1.2471581583744702,1.2547601045618242,1.2046970424135688
2022-05-17,1.182497834247488,1.255417466821296,1.121679965052421
2022-05-18,1.6765178913450343,1.2567455971675414,1.618873719596436
2022-05-19,1.5297176916019504,1.258033164904646,1.4753242721517195
2022-05-20,1.4097915292694874,1.2589739822569805,1.3520887840670819
2022-05-23,1.3119909572859105,1.259022721002286,1.2466431036988896
2022-05-24,1.2574476148134364,1.259077962637739,1.1820185633060083
2022-05-25,1.1903051726343123,1.258686715588911,1.1025688549927393
2022-05-26,1.137540694656679,1.2582980505428751,1.0359110772648394
2022-05-27,1.0965161613036079,1.2580065230355524,0.9803903793897613
2022-05-30,1.0886373611079128,1.2576252621508524,0.9614568383448109
2022-05-31,1.0586059323468766,1.2572405784097171,0.91889942213498
2022-06-01,1.0354570469121354,1.256743090691172,0.8840423496643134
2022-06-02,1.0175454289612822,1.255999749999975,0.8556730824327713
2022-06-03,1.003453747813022,1.2545199831011062,0.8329656967726823
2022-06-06,0.9956442738247432,1.2530414853467542,0.8184461204013371
2022-06-07,0.9860583167338532,1.251417872654854,0.8027905156390426
2022-06-08,0.9785304696329082,1.2497760199331718,0.7902782193632822
2022-06-09,1.1509987054727733,1.2483952595232009,0.9927507783930467
2022-06-10,1.1909138961318742,1.2471092590466963,1.0440272927466983
2022-06-13,1.8599687416728272,1.2466632167510197,1.76903495725777
2022-06-14,1.6774803605407724,1.2461872892948316,1.6050257941852524
2022-06-15,1.5271420955497232,1.2457727770343996,1.4633939852274918
2022-06-16,1.601061185589108,1.2448110507221568,1.545863618822825
2022-06-17,1.4638253748313015,1.2438616482551426,1.4124886972999113
2022-06-20,1.3523099970051247,1.2429167920661464,1.2981734414168238
2022-06-21,1.2626037097997138,1.2419716228642264,1.2007924133671066
2022-06-22,1.1911794272904481,1.2410455317997,1.1183870761055852
2022-06-23,1.1350835933974202,1.2400937545201975,1.0494376494103879
2022-06-24,1.0910035453654585,1.2392318427154783,0.9916237229917404
2022-06-27,1.0566796733163746,1.23825750633703,0.9437407610143794
2022-06-28,1.0941385213948003,1.2373375966162186,0.9761769142937157
2022-06-29,1.05881003961995,1.2364183272663019,0.9310077443286926
2022-06-30,1.0409395486770594,1.235503167134751,0.9047384660773521
2022-07-01,1.0177869875371761,1.23470703731695,0.8724965146062189
2022-07-04,1.0242292262965356,1.2339448058969251,0.8745944820315299
2022-07-05,1.0048044347035896,1.233182001166089,0.84801808235438
2022-07-06,0.9898947762262411,1.2323888704463377,0.8265435669098151
2022-07-07,0.9784941573663075,1.2316200891508713,0.8092797019572404
2022-07-08,0.9696424371901222,1.2307074014565769,0.7954589015153454
2022-07-11,1.0566914781524452,1.2298293832885927,0.8965502685293224
2022-07-12,1.0715674967075104,1.2280069266905624,0.9169873434241065
2022-07-13,1.0390328041019687,1.2261849468983055,0.8824817255898277
2022-07-14,1.013708709640003,1.2242597077417847,0.8544070996896035
2022-07-15,0.9941409759184056,1.2224122496113985,0.8316948430764736
2022-07-18,1.0275188932569561,1.2205916221242878,0.8709847874676113
2022-07-19,1.0040296808361793,1.2188105578800998,0.8450913205092099
2022-07-20,0.9858537173435012,1.2170441766838211,0.824186194982663
2022-07-21,0.9717686020859081,1.2152836261548166,0.8073892369854828
2022-07-22,0.9608161780486421,1.213530385280896,0.7939488749283545
2022-07-25,0.9576921008340834,1.2116802944671503,0.7899141396379736
2022-07-26,1.0303195213136553,1.209944117717839,0.876163546377045
2022-07-27,1.0043069849403619,1.2082482029781796,0.8492851323318925
2022-07-28,0.984219231675545,1.2066096369580346,0.827564602916292
2022-07-29,0.9687320062845038,1.205037332201787,0.8100987050971011
2022-08-01,1.0767496254933178,1.20346757995386,0.9363488003943828
2022-08-02,1.092168910013465,1.2019345656066307,0.9590721578692606
2022-08-03,1.0508112466090187,1.2006113942487802,0.9169402117913688
2022-08-04,1.018654936668939,1.1992802491494639,0.882443317159805
2022-08-05,0.9937638451865715,1.1979395260195733,0.8543758353324372
2022-08-08,0.9756292246545303,1.1964908390790128,0.8330275625692106
2022-08-09,0.9737615149511711,1.1949331629844406,0.8301795444360214
2022-08-10,0.9588750721548662,1.193654904903423,0.8121971312433947
2022-08-11,0.9619029639209977,1.1923920781353756,0.8148780890415449
2022-08-12,0.9494759333442844,1.1911667339209906,0.7999350223611916
2022-08-15,0.9521831000390628,1.1897194375145763,0.8027801567054332
2022-08-16,0.9414218926708684,1.188220328053682,0.7902699285687139
2022-08-17,0.9361606592887783,1.186698514366644,0.7840408025096653
2022-08-18,0.9287724026907777,1.1851721950839043,0.7753539320852123
2022-08-19,0.9959533904756789,1.1837146953552617,0.8543428000515952
2022-08-22,1.4275320115500036,1.1829359035890321,1.3320554853308477
2022-08-23,1.3181563716039155,1.182156279008829,1.2331206948226925
2022-08-24,1.2265205077779988,1.1813237710297717,1.1456801805041406
2022-08-25,1.1532461229069881,1.1804259925975875,1.0720216303787904
2022-08-26,1.5935823794206563,1.180093981003208,1.5332888768917616
2022-08-29,1.46162232741567,1.1796995024157635,1.4133171618571678
2022-08-30,1.3423083416264683,1.1791411976519182,1.2988813941234205
2022-08-31,1.2457078421524046,1.1785265003384524,1.201393515880621
2022-09-01,1.1681422481872659,1.1777106843363527,1.1188939413545862
2022-09-02,1.1066082884200714,1.176882525998241,1.049567791045438
2022-09-05,1.068284321704667,1.1760631054497035,1.002369273272081
2022-09-06,1.058633545661576,1.1752798866652998,0.985044872074364
2022-09-07,1.0209219245368373,1.1747036068728145,0.9383144845945841
2022-09-08,0.9915134250225762,1.1738535768996063,0.899915896070294
2022-09-09,0.9688642753244646,1.1730292477172086,0.8685707639565127
2022-09-12,1.0086195595961838,1.1722408848014132,0.9067565582889379
2022-09-13,1.375370329765769,1.1719923498043834,1.2980752135373357
2022-09-14,1.2717682430380153,1.1717678490212984,1.2007089905551636
2022-09-15,1.188888092294645,1.1715408315547522,1.1187254623007379
2022-09-16,1.1225978995170087,1.1713039810399348,1.0494590206387289
2022-09-19,1.0702764614808644,1.1709784216628418,0.9916415118378215
2022-09-20,1.0976730332845024,1.1700520296123589,1.017900008841733
2022-09-21,1.0723677149187214,1.1691511998026602,0.9895305432375497
2022-09-22,1.0302021141504225,1.1682131124071498,0.9420136814293093
2022-09-23,1.190179410005063,1.167472870776876,1.1109369181011135
2022-09-26,1.2469208170529513,1.1662411157217876,1.175634693261474
2022-09-27,1.1692996981099415,1.1650091398783102,1.0997936497361676
2022-09-28,1.105259004939566,1.1639197395009675,1.0335917549980747
2022-09-29,1.1235843893539994,1.1629062490158009,1.0517976212180744
2022-09-30,1.0690505787847457,1.1618957784586361,0.9935854346758511
2022-10-03,1.0263944154173872,1.160956386777729,0.9453597981721034
2022-10-04,0.9932530010022623,1.1600468645705655,0.9056880456316071
2022-10-05,0.9676183834549652,1.1591178231741588,0.873269793362853
2022-10-06,1.0634011604281801,1.158118952439688,0.973918976096061
2022-10-07,1.0399578991478453,1.157088838421666,0.9495258290325755
2022-10-10,1.0328819022521405,1.1560562806368901,0.941856906329194
2022-10-11,1.0301222451728727,1.1549925817943594,0.9387924115585937
2022-10-12,0.9944769137591882,1.1533728538508266,0.9003072875413151
2022-10-13,0.966829209322929,1.1518086091013557,0.8688892702755628
2022-10-14,0.9456006091368596,1.150250890892939,0.843588136474192
2022-10-17,0.929024023370763,1.148714314353225,0.8229758878606347
2022-10-18,0.9162106679143177,1.1472016004172938,0.8064192185209873
2022-10-19,0.9082760285287728,1.1456189209331347,0.7955295443916586
2022-10-20,0.8999391379421166,1.1440434135119175,0.784490650039884
2022-10-21,0.8933723971558557,1.1424630864933887,0.7757112014145472
2022-10-24,0.8888073019502034,1.140644754513867,0.7697213132036816
2022-10-25,0.8841644869592987,1.1387930927082408,0.7640031387370081
2022-10-26,0.8803916764713305,1.1370172083130492,0.7594823131581143
2022-10-27,0.8776053372672707,1.135108347251486,0.7564690211766772
2022-10-28,0.8747363762871646,1.1332833290929503,0.7535363189654497
2022-10-31,0.8730018144311043,1.1314651669406355,0.7521012804137486
2022-11-01,0.8705482272683116,1.12958607640144,0.7500949379911852
2022-11-02,0.8684404850074644,1.1276772623406042,0.7486453926926953
2022-11-03,0.8663953877993581,1.1257844624971514,0.7473749661314594
2022-11-04,0.8644162955428363,1.1237823009818226,0.7463757391555543
2022-11-07,0.8625410598922234,1.121769377367737,0.745590163561725
2022-11-08,0.927163403074129,1.119822035861056,0.8204941754820689
2022-11-09,0.9219808392802966,1.1178595797326245,0.8189523063036088
2022-11-10,0.9050780739803611,1.1162840606225641,0.8031958217022794
2022-11-11,0.891981661246463,1.114705297376845,0.7906014925359045
2022-11-14,0.9594820978006833,1.1132366918135603,0.8669080228028808
2022-11-15,0.9639266009401338,1.111796065832219,0.8758530082154198
2022-11-16,0.9360848807666963,1.1103422229204831,0.8490334763718096
2022-11-17,0.9145318999356994,1.1088938596637643,0.82736192805809
2022-11-18,0.8978891646522972,1.1074684049669319,0.8099359974714052
2022-11-21,0.885054283080987,1.106087021892943,0.795983504854215
2022-11-22,0.8751836607249932,1.1048022248348344,0.7848521083618237
2022-11-23,0.8675048910524943,1.1035109079660246,0.7759983273177848
2022-11-24,0.8617951450315787,1.102152802473414,0.7693717436974145
2022-11-25,0.857365548643051,1.1008005759446169,0.764246358185631
2022-11-28,1.0311418525110887,1.0995576164985625,0.9541699093976921
2022-11-29,0.9861512095008554,1.0983248371952625,0.9129147780598141
2022-11-30,0.9511291899631722,1.0972136692549908,0.8791595691340679
2022-12-01,0.9240025909054584,1.0961513782320398,0.8517131348053757
2022-12-02,0.9030899955153971,1.095129822441157,0.8295219490766956
2022-12-05,1.0788869597877249,1.094337383077084,1.0166626520139312
2022-12-06,1.1295103346140751,1.0936572808700173,1.0759543057212049
2022-12-07,1.0756159351738892,1.092897438920963,1.0268590789392673
2022-12-08,1.020307365454156,1.0921324535055261,0.972882913818513
2022-12-09,0.9917512873699736,1.0909992722270716,0.9441872504964256
2022-12-12,1.1581081814752887,1.0900460595773007,1.1165498484169885
2022-12-13,1.0850896737136522,1.0892249354472197,1.0476054295391943
2022-12-14,1.0271925350196038,1.0884742697923548,0.9901010857483189
2022-12-15,1.1282519878112336,1.087882004631017,1.0933627650510145
2022-12-16,1.0612642196927211,1.0872927774983148,1.028219704148875
2022-12-19,1.0082558425320431,1.0866650836389287,0.9740108274552188
2022-12-20,0.9667216869399383,1.0860514131476466,0.9292243216791088
2022-12-21,0.9344708085328294,1.0854920690636114,0.892477764428896
2022-12-22,1.120362666282664,1.0851295019489609,1.0811180879071445
2022-12-23,1.0548671992246228,1.0848299995851884,1.0180006404713113
2022-12-27,1.0376592793398034,1.084566894202474,1.0010957296882252
2022-12-28,1.0025516505397614,1.0840552532043741,0.9651327411294263
2022-12-29,0.9619592881198249,1.0835702321492595,0.9219207059178137
2022-12-30,0.9335232423458989,1.082973539842964,0.8898378886066833
2023-01-03,0.9921947127454368,1.0824376323835012,0.9479088563780803
2023-01-04,0.9535860611397381,1.0818945882108848,0.9077780103086878
2023-01-05,0.9349280592644549,1.0811022375335277,0.8870448579412431
2023-01-06,0.9089473450095996,1.0803256342418244,0.8581098810758445
2023-01-09,0.9325475558919234,1.079594340481646,0.8806917440285222
2023-01-10,0.907007896327259,1.0790022224258855,0.8529553446693443
2023-01-11,0.9048397073515286,1.0784178410987089,0.8490514330710478
2023-01-12,0.8857848790761784,1.0780437783318448,0.8273763956023885
2023-01-13,0.8710514749427842,1.0774601635327405,0.8099476649759539
2023-01-16,0.9638875162590291,1.076913439418415,0.906781709122984
2023-01-17,0.9305680652160808,1.0762042965905685,0.8741607335038564
2023-01-18,0.9727020982808662,1.0755784490217346,0.9193260422722724
2023-01-19,0.9393924291796267,1.0749559879362505,0.8866669385964495
2023-01-20,0.9114060829290093,1.074319444113342,0.8578030892926418
2023-01-23,0.8897195041135156,1.0735396946550229,0.8344356200450698
2023-01-24,0.8728557406582144,1.0725215074766568,0.815615159250979
2023-01-25,0.8598328674806517,1.0714472007523284,0.8005245330406808
2023-01-26,0.8497782863782765,1.0703552176730864,0.7884710013691055
2023-01-27,0.8419947315749665,1.069259998316593,0.7788741181988268
2023-01-30,0.9940812783671163,1.0683651117478519,0.9393697610632354
2023-01-31,0.9523851426812578,1.0674927278440824,0.900780061946311
2023-02-01,0.9200088803919232,1.0667355098617464,0.8692740488476578
2023-02-02,0.9572852114182063,1.066009667873608,0.9091598275330911
2023-02-03,0.9235699453750106,1.0652887721176827,0.8760983985831728
2023-02-06,0.991377314648666,1.0645595765385796,0.9474049398224605
2023-02-07,0.9497665123597484,1.0638273938943292,0.9073647072704557
2023-02-08,0.9877206305428677,1.063035088790582,0.9478146084546282
2023-02-09,1.0227410874703333,1.062309446442043,0.9863466773908656
2023-02-10,0.9734748625414013,1.0611249445753312,0.9393877346442203
2023-02-13,0.934853393853817,1.059923189669893,0.9007947490965964
2023-02-14,0.9048202119758377,1.0587592247532014,0.8692860794928216
2023-02-15,0.8816034822980227,1.0576459218471936,0.8437165780047231
2023-02-16,1.131556923888498,1.0568306221907084,1.099338381027425
2023-02-17,1.0589686567599628,1.0560180339369212,1.0332113414011677
2023-02-20,1.0874390134623642,1.055260104429235,1.0656521777765953
2023-02-21,1.1565164590268484,1.0546392710306212,1.1392051650163812
2023-02-22,1.078746923054708,1.0539990645157138,1.0665887979910533
2023-02-23,1.0168284634096352,1.053429160408995,1.005892296421441
2023-02-24,0.9843718199948636,1.0528654102020827,0.9720448693347443
2023-02-27,0.9425303729854013,1.0523323695487088,0.9276061901475217
2023-02-28,0.9097712173947909,1.0515771754845196,0.8911549158255259
2023-03-01,0.8843978833081861,1.0508044118674036,0.8614476884872349
2023-03-02,0.8647439089117657,1.0499055557525163,0.8373790109621807
2023-03-03,0.8496703360715848,1.0490611802940761,0.8179807503847508
2023-03-06,0.8393898784236083,1.0482075901270702,0.8037710270966477
2023-03-07,0.909222329246263,1.0473472891071043,0.8732407915346144
2023-03-08,0.8831317025223361,1.0464636448534654,0.8469177150113226
2023-03-09,1.4918451689099643,1.0465267354444414,1.466475832736428
2023-03-10,1.5077521162313121,1.046612214719473,1.5003936203543387
2023-03-13,1.4482091754991748,1.0467510133742406,1.455969672761078
2023-03-14,1.3157351967626312,1.0470529843326937,1.3353666777331237
2023-03-15,1.3953883846442179,1.0473297245853381,1.4158711085406046
2023-03-16,1.2726318807887849,1.0477971292192014,1.3010639538470046
2023-03-17,1.3930072864131042,1.048071388789905,1.417605462743425
2023-03-20,1.2705865259792426,1.0483865603869595,1.302546272498601
2023-03-21,1.1709904730611604,1.0488718739674545,1.2045056263878555
2023-03-22,1.1289284370587889,1.0492538148608277,1.1585733088587877
2023-03-23,1.0629434622782155,1.0496245728830857,1.0886695366363477
2023-03-24,1.0045167315679715,1.0499630393494812,1.024301313091026
2023-03-27,0.9586354927708446,1.0503640169008077,0.970763083352473
2023-03-28,0.9229117227557575,1.0507588457871768,0.9265515225825274
2023-03-29,0.8953935916679323,1.0512097431055327,0.8902927293873628
2023-03-30,0.874333682297554,1.051657691456683,0.860747377573699
2023-03-31,0.8582684475151117,1.0520255662292624,0.8368133555339565
2023-04-03,0.8460274250873905,1.052267471700993,0.8175259041767423
2023-04-04,0.8545974631368853,1.0525290741827515,0.8204424221113874
2023-04-05,0.8438178239406893,1.0526844484459719,0.8049588685144106
2023-04-06,0.8351733831965672,1.0528705561463858,0.7920084545003292
2023-04-10,0.856768234705279,1.0520741913002143,0.8120159136371652
2023-04-11,0.8454250812461149,1.051175222310724,0.7991628369737923
2023-04-12,0.8352000862068921,1.0502248559237208,0.7873853516544488
2023-04-13,0.827343043724911,1.049312054633892,0.7780112338520568
2023-04-14,0.8212016561113354,1.0483234615327466,0.7705692804673698
2023-04-17,0.8162212861718322,1.0471018403192691,0.7646742365216708
2023-04-18,0.812113043855349,1.0456984288024918,0.760012518317955
2023-04-19,0.8087540639774246,1.0442780491803896,0.7563314273517926
2023-04-20,0.8615964275691955,1.0426788364592425,0.8125682838998824
2023-04-21,0.8453287975693247,1.0410734152786727,0.7980876267678881
2023-04-24,0.8343003128370503,1.039470969291591,0.7882050443888317
2023-04-25,1.1202694300926006,1.0382814069412976,1.0857750264212196
2023-04-26,1.0471967780699099,1.037014908282422,1.0223456675704161
2023-04-27,0.9887924999715563,1.0359846620486233,0.9691428006233137
2023-04-28,0.9428307101489642,1.0350616155572576,0.9252184239410715
2023-05-01,0.9170530213679032,1.0341529751443934,0.8995005214006271
2023-05-02,1.1465487900652114,1.0335735909938877,1.1306278751207226
2023-05-03,1.0910551681743688,1.0330149834344127,1.0827097505795356
2023-05-04,1.217283720420182,1.0326308188312026,1.212588184009724
2023-05-05,1.1252483405897562,1.0327056134252393,1.1283378642942017
2023-05-08,1.0512056677929396,1.0327296490369589,1.0574778125331992
2023-05-09,1.0379530914256192,1.0327595402609457,1.0433763482080662
2023-05-10,0.9818818788428678,1.032838595328428,0.986587828832284
2023-05-11,0.9378196543046003,1.0329172783916436,0.9395866282573416
2023-05-12,0.9043409113824278,1.0327941885971281,0.901956653060445
2023-05-15,0.8782191822090885,1.0325988495054603,0.8710602987164551
2023-05-16,0.9292963208794061,1.0324913423365836,0.917539551191119
2023-05-17,0.8967902764860912,1.032515627000386,0.8829325070468298
2023-05-18,0.8717766067060988,1.0326045845336926,0.8547726013390929
2023-05-19,0.9159358558327106,1.032693778426112,0.8963048543882823
2023-05-22,0.9027189330018507,1.032779548596892,0.8820662832236589
2023-05-23,1.026690101247694,1.0330498671409816,1.0065002593144226
2023-05-24,1.1240602154689046,1.0330313276953416,1.108441646637296
2023-05-25,1.0503063153194883,1.0330581609957883,1.0408214025470461
2023-05-26,0.9914922026924872,1.032927403063739,0.9844661517797348
2023-05-29,0.9450339993883817,1.0326522938530664,0.9378373888899931
2023-05-30,0.9087475689100907,1.0323673474107944,0.8995251747449874
2023-05-31,0.901927735464433,1.031772550516828,0.8899767862141124
2023-06-01,0.8755439429291941,1.0317994165534305,0.8604907274340613
2023-06-02,0.8552927919724332,1.0318067435329157,0.836605993284772
2023-06-05,0.8419203549030039,1.031358847346548,0.819851864668246
2023-06-06,0.8293354013907763,1.0310231946954442,0.8039161747346549
2023-06-07,0.8197176855478964,1.030644644870384,0.7911764581937459
2023-06-08,0.8123686921589237,1.0302351362674445,0.781025625699951
2023-06-09,0.812308665471445,1.0298348857948054,0.7787044009121818
2023-06-12,1.000784424339228,1.0297184022828767,0.9709558094990729
2023-06-13,0.9519639404935463,1.0296218529149428,0.9267100711657342
2023-06-14,0.9137808533778764,1.0295173393391681,0.8904223582098554
2023-06-15,0.9388807208586191,1.0293430448591958,0.9166445876128873
2023-06-16,0.9035615928092561,1.0292315249738515,0.8822021196982016
2023-06-19,0.939547469795965,1.0291165648263563,0.918584950889138
2023-06-20,0.9040354528446326,1.028999142856786,0.8837857636327935
2023-06-21,0.8764706680773751,1.028780548027615,0.8554648420595671
2023-06-22,0.8551529757885428,1.0284197956087777,0.8325483985931389
2023-06-23,0.8878334235654793,1.0280765652421031,0.8641861049565656
2023-06-26,0.9618157203955444,1.0277511196783002,0.9395560526120833
2023-06-27,0.9209607744089864,1.0274454379673892,0.9009326567507696
2023-06-28,0.8892024493893391,1.027158311069915,0.8693981159399876
2023-06-29,0.8666735509982983,1.0268501214880388,0.8458524126583786
2023-06-30,0.847250458837291,1.0259015391352135,0.8252266379607484
2023-07-03,0.8317333226461472,1.0247806965395083,0.8082234072334208
2023-07-04,0.8226601290934186,1.0236656426783113,0.7975800473933636
2023-07-05,0.8498807375155647,1.0224897319777837,0.8243633616312651
2023-07-06,1.035725450107315,1.021596427166814,1.0141229037942099
2023-07-07,0.9774708077482417,1.020730608926763,0.9623342184501184
2023-07-10,0.9387193957727731,1.019868997469773,0.926868592627887
2023-07-11,0.9009248248327937,1.0187332310276327,0.8905518266782682
2023-07-12,0.8717235616868457,1.0178672054840945,0.8609578526269448
2023-07-13,0.8498928944284686,1.0169246166751988,0.8378078896739993
2023-07-14,0.8322019033864319,1.0159372500307289,0.8183255684628216
2023-07-17,0.8219342820444954,1.0148085060739294,0.8062120093374944
2023-07-18,0.8104345945232101,1.0136161048444325,0.7930088120569657
2023-07-19,0.8383494283411901,1.0124616259394723,0.8199506790045362
2023-07-20,0.8310801405400083,1.011235681728053,0.8128214637914036
2023-07-21,0.8166807160696279,1.0100284590049926,0.7982899999373662
2023-07-24,0.8218127085899805,1.0087845696678752,0.8032808425451213
2023-07-25,0.8090808562807551,1.0074235851914526,0.7906693822325487
2023-07-26,0.7992608985806825,1.0061296397582173,0.7806223670892348
2023-07-27,1.0176260374027386,1.0051573667839282,1.0016840879239322
2023-07-28,0.9606488307388918,1.0043463784969806,0.952047984084836
2023-07-31,0.9297516442577555,1.003553316969258,0.9251809725669891
2023-08-01,0.9052935523906044,1.0027789786388623,0.9029081813783725
2023-08-02,1.3596926976342851,1.0026917731785776,1.3556464450585926
2023-08-03,1.2371812753190214,1.0025571804141646,1.2496736854075148
2023-08-04,1.2488872951551713,1.002231117058336,1.2689987659568467
2023-08-07,1.1464383402521043,1.001977885983518,1.176045749110127
2023-08-08,1.0682052948754748,1.0017224525785573,1.102072774366557
2023-08-09,1.0007942445877673,1.0014610406800657,1.0354964722296258
2023-08-10,0.9470315496328514,1.0009120800549867,0.9800462703362531
2023-08-11,0.9048674179127018,1.0004956911451444,0.9341947591375153
2023-08-14,0.8719880320279632,1.0000660258202954,0.8965435226468372
2023-08-15,1.1372202055890497,1.0000258336663108,1.1496557084623207
2023-08-16,1.065174864517559,0.9999860179022504,1.0842737440333046
2023-08-17,1.100623603235911,0.9999952159885567,1.1201606634764496
2023-08-18,1.0267250771262968,1.0000187778236969,1.0506283719755525
2023-08-21,0.9678234529086388,1.0000126039205706,0.9926134413758461
2023-08-22,0.921355260472311,0.9999880339284066,0.9445574963971224
2023-08-23,0.8851539323756068,1.0000781209485587,0.905030461365804
2023-08-24,1.008947929280793,1.0002514683818264,1.0211526898559296
2023-08-25,0.9538603293983873,1.0003162140043518,0.9681545971589455
2023-08-28,0.9104400474495836,1.0002658286675596,0.9244055928000436
2023-08-29,0.876639136703353,1.000260412092771,0.8885391876557838
2023-08-30,0.8505501466697892,1.0002971938379113,0.8593230498479603
2023-08-31,0.829977052694832,0.9996639055202503,0.8356629535883471
2023-09-01,0.814217111095069,0.9990829334945123,0.8166014107261877
2023-09-04,0.8929400091831479,0.9985339273154419,0.8916510550658256
2023-09-05,0.8678580529095759,0.997879822423522,0.8674498417776098
2023-09-06,0.8719488723543372,0.9972591498702832,0.871212458588604
2023-09-07,0.8458576263178101,0.9966417571023202,0.8452755834637601
2023-09-08,0.8257950423682623,0.9960855866841967,0.8243344733783734
2023-09-11,0.8102955905100311,0.9954008860755551,0.8075081448505642
2023-09-12,0.8286677090366199,0.9947581474911377,0.824256210167688
2023-09-13,0.8120458607738852,0.9938396631247919,0.8074452600641111
2023-09-14,0.7993370378007015,0.9930201931481554,0.7939937858698894
2023-09-15,0.9494365192049441,0.9923296952122315,0.9432766953550796
2023-09-18,0.9116377570065864,0.9916241041846452,0.9105180986669074
2023-09-19,0.8773121132185513,0.9909214439096573,0.8790168121259114
2023-09-20,0.9899831089468144,0.9903923404388788,0.9914674215525188
2023-09-21,1.4179733876205154,0.9903411957502324,1.4194251371594064
2023-09-22,1.2835479578106928,0.9901066851607457,1.3041015942019243
2023-09-25,1.1728903529315944,0.9896489559434699,1.205826509909282
2023-09-26,1.3609134211991591,0.9894002728926247,1.390952968291883
2023-09-27,1.236395397920908,0.989114585879715,1.2797814203995932
2023-09-28,1.134512217651269,0.9888156916230648,1.185186334717035
2023-09-29,1.0546303105828128,0.9885011562967441,1.1077388103700259
2023-10-02,0.9885912704449701,0.9881375572257135,1.0408888297988408
2023-10-03,1.2576304719590727,0.9880235543750969,1.2924887434712924
2023-10-04,1.1519503739310997,0.9879698639128626,1.195966817265429
2023-10-05,1.0661646139316385,0.9878823715402558,1.1143188789570067
2023-10-06,0.9973619904528146,0.9878736984048112,1.0457383114336016
2023-10-09,0.9482424373544985,0.9878106883406355,0.9938505662321676
2023-10-10,0.9040247209009276,0.9877919376062957,0.9455786228548105
2023-10-11,0.8695865017351637,0.9878396428570783,0.9058673545282443
2023-10-12,0.8834982988099072,0.9878188518144408,0.9123948487360065
2023-10-13,1.360471719661971,0.98842696847061,1.372645480814329
2023-10-16,1.236989793005585,0.9889998038422454,1.2641624246907517
2023-10-17,1.1691329864476496,0.9895878414774508,1.203831557984754
2023-10-18,1.200967215206144,0.9902723625346715,1.2360217425272098
2023-10-19,1.3528186308592884,0.9909939192548056,1.3847948396784266
2023-10-20,1.2348424482499782,0.9911234716219771,1.2787329447542986
2023-10-23,1.1340763307643804,0.9913184674966969,1.1842972295838576
2023-10-24,1.0526320211735913,0.9916127953994947,1.1044875227905475
2023-10-25,1.0853262993220059,0.9917476029716431,1.1305664686341976
2023-10-26,1.0281177442297162,0.9918729918694229,1.0733471926641445
2023-10-27,0.988937502575365,0.9919749936364324,1.0316354007109294
2023-10-30,0.9369365314683807,0.9922248092040432,0.9768432300016211
2023-10-31,0.8963447774154765,0.9926932819355634,0.9315563751056616
2023-11-01,0.864662891536349,0.9929677879971738,0.8943850445976834
2023-11-02,0.8403644209508159,0.9933735067938948,0.8640726636111109
2023-11-03,0.8218767936862557,0.9938679348887357,0.8395003513995691
2023-11-06,0.807801750431379,0.9942812700639594,0.8196866352454455
2023-11-07,0.7971886401599059,0.9946878465126635,0.8037838814009647
2023-11-08,0.7892213985948431,0.9950737440009156,0.7910707048045705
2023-11-09,0.883571172005968,0.995490755356372,0.880722646467093
2023-11-10,0.8555166859857264,0.9960575043640804,0.8529803092686256
2023-11-13,0.8841245839812396,0.9959560472229686,0.8810350435709127
2023-11-14,0.8553375754636293,0.9957229855737991,0.8532336069330603
2023-11-15,0.833197405180789,0.9954658206086235,0.8308105343578643
2023-11-16,0.819171828128873,0.9951122368858699,0.8157816766758126
2023-11-17,0.805226489877227,0.9946020852582202,0.800657837031525
2023-11-20,0.7945926201519871,0.9941256399469838,0.7885772631771727
2023-11-21,0.7864198191805699,0.9935812498230832,0.7789585585896082
2023-11-22,0.7801312043496275,0.9929976072478724,0.7713207581804085
2023-11-23,0.7752240785734148,0.9923236004449355,0.7652688468767039
2023-11-24,0.7714310157104134,0.9916721333182656,0.7604823784940713
2023-11-27,0.7797489749913109,0.9910189665188048,0.7680962283464229
2023-11-28,0.7744591428861822,0.9902180305367096,0.7627176541814147
2023-11-29,0.7872947732584029,0.9892222217479751,0.7757483973557406
2023-11-30,0.7795015407297153,0.9880551806452917,0.7687755537216308
2023-12-01,0.7732849022190981,0.9867159165636278,0.7632550216015614
2023-12-04,0.8088688768892025,0.9853447822970394,0.7997283388751458
2023-12-05,0.7949212715734811,0.9839920975292435,0.787836168248196
2023-12-06,0.7869907953718392,0.9826474240540195,0.781246288951186
2023-12-07,0.7794730912610133,0.9812846009186124,0.7747399021607188
2023-12-08,0.7719549727801487,0.9799239970528327,0.767976632457004
2023-12-11,0.7828291077879003,0.9783886896320909,0.7795476072697549
2023-12-12,0.7738190020928667,0.9768859237393075,0.7717878154000619
2023-12-13,0.7700347264896564,0.9753330446570546,0.7689505757849461
2023-12-14,0.7822433355420805,0.9738108132486515,0.7819694597616969
2023-12-15,0.7725072815190805,0.9723020086372341,0.7737094105670422
2023-12-18,0.7819987851652969,0.9707656792449967,0.7841751411515161
2023-12-19,0.7717035700319133,0.96920065414753,0.7754606914602442
2023-12-20,0.989514753806127,0.9679748509129769,0.9921856963290693
2023-12-21,0.9321626724987436,0.9666892323802929,0.9442045985907928
2023-12-22,0.8868833384386021,0.9654735522011982,0.9047411121420315
2023-12-26,0.8513514996756628,0.9642302048784823,0.872498680801295
2023-12-27,0.8237162666841052,0.9630464848593758,0.8463167492139099
2023-12-28,0.8026330768165488,0.9618682508535148,0.8254979152002748
2023-12-29,0.7859827784372887,0.9606717837013846,0.8084408549795093
2024-01-02,0.8811763296866297,0.9596235199285187,0.8996587953218709
2024-01-03,0.9564089961935741,0.9586837288699542,0.9755536704866627
2024-01-04,0.9060264631896797,0.9576931533638527,0.9316331982062468
2024-01-05,0.8652562117662029,0.9567955831837854,0.8944477335205226
2024-01-08,0.8334214900037076,0.9559129876719952,0.8641236994782634
2024-01-09,0.8087359915324654,0.9550550392516653,0.8395416249358932
2024-01-10,0.7895609032873905,0.9540621489190313,0.8197198375054735
2024-01-11,0.7747742174336986,0.9530671665732695,0.8038103731602374
2024-01-12,0.7778131420849098,0.9520039117566692,0.8050128694623458
2024-01-15,0.8244892964738838,0.9510173752355947,0.8489316650944292
2024-01-16,0.8605687700585003,0.9500819354139937,0.884846549408427
2024-01-17,0.957551182966216,0.9492922521542037,0.9809041971568886
2024-01-18,0.9044945770981714,0.9485416300827286,0.9349016440246536
2024-01-19,0.8627886299668072,0.9479091222263872,0.8971220786492772
2024-01-22,0.8299120748609459,0.9469410731402457,0.8662980895742528
2024-01-23,0.8044424677999042,0.9460692617351015,0.8412996445975714
2024-01-24,0.852088220784679,0.9452185080710175,0.8853596015179369
2024-01-25,0.8383916602638649,0.9443906035110683,0.8730653171441414
2024-01-26,0.8105124823221417,0.9435025468964033,0.8467756231729868
2024-01-29,0.8098809245808917,0.9426430607605406,0.8454630849422108
2024-01-30,0.7883319605343933,0.9418055340674104,0.8244854759181632
2024-01-31,0.9440472530546339,0.941057107725137,0.9727295595385184
2024-02-01,0.8924527752211878,0.9402142819591712,0.9281697280131473
2024-02-02,0.8518150573921548,0.9393743215566412,0.8916154440115986
2024-02-05,0.8199791070509054,0.9384405681768025,0.8618219003947394
2024-02-06,0.7953103092504208,0.937574963402927,0.8376814000561311
2024-02-07,0.7762459043370212,0.9367027746302452,0.8182239400066463
2024-02-08,0.7615636939875745,0.9358338121696608,0.8026126687263291
2024-02-09,0.7543737508688912,0.9349573038379881,0.7940213976965609
2024-02-12,0.9190400970577943,0.934312767760347,0.9495941659466953
2024-02-13,1.2776755221886347,0.934091978340463,1.3009309804905105
2024-02-14,1.1615502262063402,0.9339457457475783,1.2031338628764465
2024-02-15,1.0664413570375073,0.93365766531422,1.120361541646267
2024-02-16,0.9963838176124701,0.9333176565350084,1.057328266906735
2024-02-19,0.9622331339129826,0.9328894661212549,1.0252473204061545
2024-02-20,0.9679783654607163,0.9325214785730138,1.0292192827575668
2024-02-21,0.9104264846762752,0.9320629120397399,0.9748396852816364
2024-02-22,0.8649190320486654,0.931609124042911,0.9299066662843106
2024-02-23,0.8293364648922656,0.9312433366204562,0.8930356745393769
2024-02-26,0.8016816650017637,0.9308719911996494,0.8629759764906553
2024-02-27,0.7803340361665637,0.930497653946532,0.8386140566434598
2024-02-28,0.7942906420196577,0.9301444339456104,0.8471598857358628
2024-02-29,0.7743999199380123,0.9295997138553778,0.8258522579735434
2024-03-01,0.7591129244058489,0.929045858932701,0.8087250855513263
2024-03-04,0.7754398932219054,0.9285300770572809,0.821248145203385
2024-03-05,0.9107410059945693,0.9282122171141682,0.9478756247525305
2024-03-06,0.8648316206059998,0.9278165723891765,0.9079689796463314
2024-03-07,0.8285970021669159,0.927410840997667,0.8751279426461025
2024-03-08,0.8141165174592639,0.9270223298281439,0.8612888296036354
2024-03-11,0.822523037975229,0.9266692808116606,0.8685141864126342
2024-03-12,0.7957186336890698,0.9264039637220902,0.8430921088469516
2024-03-13,0.7746385737878021,0.925638728662538,0.8225766517474223
2024-03-14,0.8285418009973908,0.9248183648695565,0.8721167697046078
2024-03-15,0.799574394287361,0.9239889544794353,0.8460223614066003
2024-03-18,0.7771088031929635,0.9231586624194132,0.8249360266105488
2024-03-19,0.7598006133190471,0.9223593161019191,0.8079904628150013
2024-03-20,0.7465571940581646,0.9216484166969527,0.794429115780634
2024-03-21,0.7363970152030764,0.920944082993099,0.7836143337127008
2024-03-22,0.7326815433733813,0.9201600665101698,0.7788972512469151
2024-03-25,0.7290269871547966,0.9192779340330105,0.7745678149781335
2024-03-26,0.7231088382809326,0.9184004420730644,0.7683240488231512
2024-03-27,0.7180103258310426,0.9175657796583305,0.7628978647237125
2024-03-28,0.7255475036136504,0.9167124892789451,0.7694218556812642
2024-04-01,0.7988548579059903,0.9159293902916317,0.8385063219797452
2024-04-02,0.9178074307827323,0.9153088986784735,0.9541846991018039
2024-04-03,0.8678793948470029,0.9146663588434857,0.9129269236910478
2024-04-04,1.2633584242011449,0.9143935629694688,1.2946169703815875
2024-04-05,1.1472778216282227,0.914127991038454,1.1977732239451673
2024-04-08,1.052334644492901,0.913917490805379,1.1158416177934931
2024-04-09,0.9754008652856527,0.9136968753366732,1.0470126704104399
2024-04-10,0.9916788673759264,0.9135116550980616,1.0615182636205558
2024-04-11,0.9264561900057661,0.9130726586641394,1.0016710058696918
2024-04-12,1.3897797552130338,0.9132745238973877,1.436382017431296
2024-04-15,1.4652989401483918,0.913526413411238,1.5209502595417117
2024-04-16,1.3150676484500712,0.9137991923830968,1.3910863035771721
2024-04-17,1.1904966493022986,0.9140706493482875,1.2798951300790233
2024-04-18,1.0880881471645576,0.9142882805767556,1.185282862442548
2024-04-19,1.0429020088196206,0.9143887400881531,1.1399332559408906
2024-04-22,0.968446857602419,0.9147090619426486,1.0671996101948313
2024-04-23,0.9090122177396738,0.9151770123861285,1.0064008565179186
2024-04-24,0.8714232978294763,0.9156467877953813,0.9644075134506159
2024-04-25,0.8325573277558729,0.916160883251408,0.92132449006851
2024-04-26,0.8023121387589746,0.9166301544243458,0.8860223992653911
2024-04-29,0.779015979296959,0.9171039941031769,0.8572798656214901
2024-04-30,0.8935802638823219,0.9176371832047784,0.9553733322633617
2024-05-01,0.8501156909503553,0.917996999995098,0.9139026009373208
2024-05-02,0.816229930840569,0.9184203351407242,0.8799652243128702
2024-05-03,0.7897576438376522,0.9185391358020626,0.8523661748333283
2024-05-06,0.7694000753834119,0.9186512004019807,0.8300487045950977
2024-05-07,0.7538198564643943,0.9187245767911076,0.8120920982253184
2024-05-08,0.7419871319638907,0.9188064496943849,0.797706735586456
2024-05-09,0.7329999645293306,0.9188410069212192,0.786224967805017
2024-05-10,0.7261581893774937,0.9187971245057311,0.7770890219273465
2024-05-13,0.9256543825856387,0.9184210211008892,0.9632830051443864
2024-05-14,0.8746889847254281,0.9179114859287905,0.9204000782268545
2024-05-15,0.8347013382042705,0.9175646810988313,0.8852675188890645
2024-05-16,0.8035000983198447,0.9172182946278383,0.8566671955899794
2024-05-17,0.7793770666371959,0.9169191872787918,0.8335186956511533
2024-05-20,0.7668110327844795,0.9165975758204905,0.8204588545442117
2024-05-21,0.7509863753757453,0.9160783612770252,0.8044023694644367
2024-05-22,0.7823370756905236,0.9154626502484959,0.832131345401674
2024-05-23,0.81131750628222,0.9149000994644171,0.8593249559974387
2024-05-24,0.7848795601874214,0.9144663164928493,0.8356644613719074
2024-05-27,0.806217948200113,0.9140672032186693,0.855541428570236
2024-05-28,0.8440281914722991,0.9137221109287004,0.8917419133359159
2024-05-29,1.086365308724464,0.9135545500953953,1.1238716581531898
2024-05-30,1.007416456089536,0.9133828200705333,1.0580323170867703
2024-05-31,0.9395403620920177,0.9134471019166901,0.9987704961601539
2024-06-03,0.8914703001222195,0.9132495518750612,0.9554504822333809
2024-06-04,0.8476831129614415,0.9130533390771868,0.914377578465264
2024-06-05,0.8129941328201575,0.9129002859020255,0.8803526043580493
2024-06-06,0.7860569979333559,0.912735059039588,0.8526803902987332
2024-06-07,0.7653024343356031,0.9125780865219152,0.8303020173406783
2024-06-10,0.8077714899648291,0.912489164867178,0.8660295537682303
2024-06-11,0.7842267172189431,0.9120974750540647,0.8433610756965252
2024-06-12,0.7637284962602875,0.9118725503051399,0.8227932158203543
2024-06-13,0.7478702882184851,0.911468015895237,0.8062726461935813
2024-06-14,0.8489429450793499,0.9112163870343861,0.8983226769930724
2024-06-17,0.815149873336186,0.9109197352127136,0.8687757178927136
2024-06-18,0.787302455222896,0.9106653260117022,0.8433037033002998
2024-06-19,0.7729651453979023,0.9103958984969123,0.8293812826438755
2024-06-20,0.8784221718513257,0.9102307707389374,0.9268734865125877
2024-06-21,0.8364827864337676,0.9100081538096239,0.8905559297427647
2024-06-24,0.8066741721413919,0.9096151186078647,0.8638528833082635
2024-06-25,0.7804155739091833,0.9092264866357558,0.8393226268843228
2024-06-26,0.7601144703266739,0.9087859748037488,0.8195436657067151
2024-06-27,0.744261534677159,0.9080250415049136,0.8036694395085582
2024-06-28,0.7413933935502798,0.9072756912868326,0.799556271940881
2024-07-01,0.7295326942639377,0.9062294808711533,0.7876990948325382
2024-07-02,0.7203775759974765,0.9051931970579541,0.7782604371288572
2024-07-03,0.7141903863816706,0.9041621359026267,0.7716003732502985
2024-07-04,0.7155456211870771,0.9030863679626662,0.7720754211862983
2024-07-05,0.7207717114315739,0.9020298509472955,0.7765166063903592
2024-07-08,0.7129421575415498,0.9009476211190082,0.7693845176503099
2024-07-09,0.7114537539432904,0.8998019182020007,0.7680306087650414
2024-07-10,0.731591640192806,0.898693031017822,0.7867661380613683
2024-07-11,0.7213963958878641,0.8974175349300905,0.7785040577928929
2024-07-12,0.7124386457794103,0.8962057420034755,0.7709601468299124
2024-07-15,0.7978711474918743,0.8949724576767711,0.8506142886173498
2024-07-16,0.7713094865227577,0.8937438156429391,0.8295228604444848
2024-07-17,1.0084051685706494,0.892825281900104,1.0540160397261515
2024-07-18,1.1630843615146753,0.8921185302413575,1.2099024621844523
2024-07-19,1.093697257928354,0.8912765025512566,1.15616624756131
2024-07-22,1.0053087824146372,0.8906490217813076,1.0808266836084313
2024-07-23,0.9338618270386685,0.890025062568465,1.017757646986747
2024-07-24,1.7135205863951561,0.8904907029273242,1.7549955897380483
2024-07-25,1.5302300180038293,0.8909364421775551,1.601486097348335
2024-07-26,1.3674522587644513,0.8914975782356338,1.460345409826045
2024-07-29,1.2352112580445502,0.8920455078077576,1.3422529582757492
2024-07-30,1.2132369282213593,0.892639542032505,1.320357074431004
2024-07-31,1.104661367116638,0.8933183777355082,1.219639896034891
2024-08-01,1.3743472879880108,0.8943144614731442,1.461021609696448
2024-08-02,2.0749123451365366,0.8959683900674175,2.1294088757211473
2024-08-05,4.065798652171551,0.898997922133305,4.0829783540939815
2024-08-06,3.5434774784101566,0.9021569553021249,3.634626918956057
2024-08-07,3.0931815659608475,0.9052814435301323,3.239508684970608
2024-08-08,2.7054334661935413,0.908407113578488,2.891375036206822
2024-08-09,2.372685111851128,0.9115838524239007,2.5853155474719136
2024-08-12,2.091167425147972,0.9146731088208507,2.319851719399324
2024-08-13,1.8476733802271441,0.9177113271612158,2.08443350577561
2024-08-14,1.6413051270254415,0.9208135511600598,1.878985907344704
2024-08-15,1.4668555511705983,0.9235805866301001,1.7003257923115793
2024-08-16,1.3206469550943585,0.9261253738020571,1.5456073369391075
2024-08-19,1.1993969684804109,0.9286277747300045,1.4122683456057492
2024-08-20,1.2454551505373448,0.9310201952696838,1.4220739094716561
2024-08-21,1.1513368091049638,0.9333989243619258,1.3180143201043
2024-08-22,1.1934681579330049,0.9347820922546601,1.334353380480598
2024-08-23,1.0946897642711382,0.9363327869940258,1.2315443816606855
2024-08-26,1.0228862048145921,0.9377410538096325,1.1517734933570924
2024-08-27,0.956881177576401,0.939187725643814,1.0771372391668574
2024-08-28,1.17435989202629,0.9408591945663283,1.2586716998486938
2024-08-29,1.0800533820140559,0.9425699422324054,1.167297586736133
2024-08-30,1.003498699550727,0.9440017394051772,1.0901824489506333
2024-09-02,0.9770796344208593,0.9448175823935538,1.0578860656989486
2024-09-03,2.2745981798990345,0.9464962820846156,2.2969392591011193
2024-09-04,2.0134402499205186,0.9480143922958132,2.074633596565909
2024-09-05,1.781166471725762,0.9495515720591484,1.8704488766068963
2024-09-06,1.7990335405433664,0.9511286600665548,1.892697408462325
2024-09-09,1.6004464377166767,0.9527734945935471,1.7122273914407515
2024-09-10,1.4338164485037825,0.9544090255231243,1.555891281548939
2024-09-11,1.2950668307079756,0.9560076234005668,1.4211089613396997
2024-09-12,1.1805264317244235,0.957526181365293,1.3055409913135625
2024-09-13,1.0869806566816174,0.9590176348743542,1.2070490810236343
2024-09-16,1.041729427442654,0.9605154303810012,1.1507223696443898
2024-09-17,0.9948266703300631,0.9620186214413938,1.093767415861343
2024-09-18,0.970969564919519,0.9634332857027518,1.0583505940849658
2024-09-19,0.9196745119878011,0.9651627676200528,0.9990352606389827
2024-09-20,0.8794382798127451,0.9667778607312023,0.9498596380518545
2024-09-23,0.848149121322424,0.9682148521893269,0.9093779412323569
2024-09-24,0.8241976607586314,0.9696721940944785,0.8762761414074903
2024-09-25,0.8060530503633121,0.9710705185515623,0.8494278427270912
2024-09-26,0.7921466909607083,0.972173577094132,0.8276796989174012
2024-09-27,1.0581731899835678,0.973532588052398,1.0768660529518053
2024-09-30,0.9902079781540846,0.9748486036303278,1.0144552055167346
2024-10-01,1.3851299087089268,0.9766556650119835,1.3987549463719513
2024-10-02,1.2547594016384178,0.9763245648860834,1.286442144832017
2024-10-03,1.287941976953931,0.9761007570942664,1.3254875661431158
2024-10-04,1.1750525826532188,0.9759149860515516,1.2240024852915945
2024-10-07,1.6082012560621883,0.9761371583952739,1.6421363159007234
2024-10-08,1.440322713838812,0.9762370613739267,1.4953786410137067
2024-10-09,1.3008514611591904,0.9763417291092295,1.3691406428851642
2024-10-10,1.186167298487022,0.9763757985529956,1.261405116526804
2024-10-11,1.0923952361668372,0.9764000594018826,1.1696124742836833
2024-10-14,1.01673899305574,0.9764391593949927,1.0921292231233446
2024-10-15,1.0140379164508593,0.9765080644828286,1.0807166289087997
2024-10-16,0.9542776577076506,0.9766306364230032,1.0176657820718942
2024-10-17,0.9070677681408374,0.9767386160073739,0.9652669392453054
2024-10-18,0.8699462052334042,0.9766245726992538,0.9220309929714944
2024-10-21,0.8519234754366146,0.9765195481914328,0.8967624568412752
2024-10-22,0.8272309471967306,0.9764096087196192,0.8660056928219352
2024-10-23,0.9027296804691868,0.9763822509652661,0.9315306758233999
2024-10-24,0.8665890790911226,0.976357344418528,0.894363912509891
2024-10-25,0.9560670625013709,0.9764737415824349,0.9776018944335162
2024-10-28,0.9080995540137655,0.9762058266574729,0.9321811905418389
2024-10-29,0.8705362140657905,0.9759524271192731,0.8948961481646908
2024-10-30,0.9179198592469824,0.9752583719199749,0.939101055265087
2024-10-31,1.2828745628470464,0.9750861377334826,1.2960803169557047
2024-11-01,1.1707277890269796,0.9748571341483837,1.1990154611179957
2024-11-04,1.0798282030026813,0.9745634345695513,1.1173720920087453
2024-11-05,1.005634599643429,0.9738661899871051,1.0482937737104043
2024-11-06,0.947725802117891,0.9745247764936508,0.9906730802843084
2024-11-07,0.90220388161435,0.9753059150851081,0.9429564571071137
2024-11-08,0.866718618699287,0.9760915920137824,0.903718179522798
2024-11-11,0.8394380620391239,0.9768625778480821,0.8717855676713169
2024-11-12,0.8184213340327828,0.9776087254111433,0.8457394918058396
2024-11-13,0.8024993158875589,0.9783855988310539,0.8247081083631954
2024-11-14,0.8042407027749839,0.979103690116629,0.8211706619211381
2024-11-15,1.1778375643525723,0.9803919216313444,1.1832376211057523
2024-11-18,1.0874788715188908,0.981587072042007,1.1035951703410087
2024-11-19,1.0732044371879945,0.9828142306662028,1.0934975884747071
2024-11-20,1.0628736406553698,0.9840837769214571,1.085763537792645
2024-11-21,0.995342909755226,0.9852333977286805,1.0218761157792073
2024-11-22,0.9420505973672539,0.9866502784675024,0.9687538572826434
2024-11-25,0.900208195919144,0.9879725421285755,0.9248984722660104
2024-11-26,0.8677822630130212,0.9893059021354316,0.8889418248681968
2024-11-27,0.8428888325277539,0.9906125377765013,0.8596501125457963
2024-11-28,0.8239115802074881,0.9918292917634567,0.8359270757667802
2024-11-29,0.8092322138916616,0.9925556830727433,0.8168136972406866
2024-12-02,0.7981700345164556,0.993233338143661,0.8014837640276938
2024-12-03,0.7899181274030873,0.9939067280182784,0.7892357670557005
2024-12-04,0.7879215671626206,0.9944723525568722,0.7836608016227429
2024-12-05,0.78275232864553,0.9936811742203836,0.7765409454755107
2024-12-06,0.7772475821770048,0.9929109386042637,0.7694038419451777
2024-12-09,1.0859006971173746,0.9926288007105174,1.077333625206231
2024-12-10,1.0135563112131463,0.9923481062611044,1.0148448846991347
2024-12-11,0.9559799453963456,0.9921064499336752,0.9629317358982411
2024-12-12,0.9279042967892756,0.9917942286583443,0.9372089500212853
2024-12-13,0.8885089825094623,0.9914685653110743,0.8990106762436139
2024-12-16,0.9667096958239324,0.990688978438743,0.9753488052999296
2024-12-17,1.0748515450982057,0.9900606163260914,1.0842113391770074
2024-12-18,4.158034242283246,0.9964722073394723,4.1214355945471235
2024-12-19,3.637116858172143,1.0027836277083906,3.668556179207292
2024-12-20,3.187386929759235,1.0091643275502757,3.2692041049772342
2024-12-23,2.7989170405712276,1.0152221274184285,2.917505660662889
2024-12-24,2.465158761621653,1.0212486827408886,2.6082681150525917
2024-12-26,2.1915417860492643,1.027172785854454,2.3480570521177717
2024-12-27,2.030543789234795,1.0330665767509855,2.1856516831370914
2024-12-30,1.917422394778991,1.0389382118297508,2.064747509987601
2024-12-31,1.7145688437621862,1.044714135062793,1.8618381884578477
2025-01-02,1.5626415135916492,1.050430591709895,1.7020233958438997
2025-01-03,1.417965745707561,1.0562135749932398,1.5470739439341612
2025-01-06,1.2986477813479682,1.0619286416704279,1.4135289710508234
2025-01-07,1.42457235688469,1.0677671206775379,1.5042183086241172
2025-01-08,1.305342741198648,1.073403303516437,1.3767242338246248
2025-01-09,1.2170399319660796,1.0785318687920167,1.2763778578461789
2025-01-10,1.2709800580654285,1.0837276668979159,1.3097664814767556
2025-01-13,1.1810974168120087,1.088831325780077,1.210638720675991
2025-01-14,1.109189249857751,1.0938801890517993,1.126692678595188
2025-01-15,1.0529561187437966,1.099407147511785,1.056099404412293
2025-01-16,1.031476855775252,1.1047826084800574,1.0193345240891236
2025-01-17,0.9930495032977963,1.1099916324008934,0.9666486952352442
2025-01-20,0.9584276686323283,1.108820908893767,0.9231671246312881
2025-01-21,0.9316230546739384,1.1077063925066064,0.8875273945067838
2025-01-22,0.9110186298863486,1.1064603725393876,0.8587143320103607
2025-01-23,0.8949078343606116,1.105200977198265,0.8351714219248645
2025-01-24,0.8824143312526151,1.103867437693494,0.8162063121539798
2025-01-27,1.6088929237211531,1.1038729165986454,1.5664269073276291
2025-01-28,1.4545273706603117,1.1039312424240924,1.430169557779776
2025-01-29,1.329128661943606,1.1039425419830509,1.314924113399705
2025-01-30,1.2253985980080113,1.103987054271924,1.2150215998080034
2025-01-31,1.1720337401286707,1.104047998956567,1.1607057611643012
2025-02-03,1.4240421033101516,1.1043248326466266,1.4105020595518463
2025-02-04,1.3030434850763808,1.104690908806622,1.2964760236888302
2025-02-05,1.2046879429960275,1.105007947482732,1.1993513747021762
2025-02-06,1.1256297757255713,1.105328543013343,1.1171720297250554
2025-02-07,1.1620571311256602,1.1057396402408661,1.1478597475301588
2025-02-10,1.0917454318658724,1.1060759720742515,1.0738511461091802
2025-02-11,1.0405201660707974,1.1064088990965322,1.0164
2025-02-12,0.9960017168659901,1.106728405707561,0.9642189668327419
2025-02-13,0.9610472163218622,1.1065973576689943,0.9211693915887565
2025-02-14,0.9340624368852438,1.1064599170326959,0.8858958245753279
2025-02-17,0.9576878907034378,1.1063356705810403,0.9039321700216228
2025-02-18,0.931444916245722,1.1062090182239521,0.8718399096164388
2025-02-19,0.911268930667561,1.1060068227637658,0.8457834403675684
2025-02-20,0.9142600286570556,1.1058282904682808,0.8445302339170576
2025-02-21,1.41403723713345,1.1064629916992255,1.3639767549338957
2025-02-24,1.3296915537070992,1.1071147420208982,1.2917225661882663
2025-02-25,1.2371308613077276,1.1064390774010109,1.2071850893711369
2025-02-26,1.15071656631857,1.1056855122502058,1.1237787130925732
2025-02-27,1.3051985228309142,1.1051648365741646,1.2806240103949325
2025-02-28,1.2056510539953091,1.1047085878185252,1.1859008575762142
2025-03-03,1.5576295721383824,1.1046830387038629,1.540476099132992
2025-03-04,1.4300942290632461,1.1043299669935613,1.4260906352683198
2025-03-05,1.3071153063138692,1.1039580644209273,1.3098000549702231
2025-03-06,1.5116117001399534,1.103730227908976,1.5124940026327378
2025-03-07,1.3740459031633552,1.1035479019961028,1.3838265686132782
2025-03-10,1.7912291310717343,1.103754771677115,1.7961470763832232
2025-03-11,1.6060130634587007,1.1039262203607632,1.6285016917399873
2025-03-12,1.452464033289637,1.1042205431887238,1.4836225369008116
2025-03-13,1.3322776602495443,1.104515586128145,1.3649586455274019
2025-03-14,1.2285071281844482,1.1049916415973473,1.25760903145612
2025-03-17,1.1449210785027935,1.10551923728174,1.1663977623435327
2025-03-18,1.1529305460434294,1.106061732454387,1.1627708045870433
2025-03-19,1.084902008478185,1.1067693906139615,1.0863766750073383
2025-03-20,1.0312014817677484,1.107472387014683,1.022387693587907
2025-03-21,0.9892451485855265,1.1081681154048786,0.9691776431593953
2025-03-24,0.9563335045892726,1.108341837160359,0.9252471583312212
2025-03-25,0.9310015187957537,1.1085008687412023,0.8892266797616903
2025-03-26,1.0310209949365725,1.1088027272693732,0.9845449893224788
2025-03-27,0.9989358718156036,1.1091076845825205,0.9483171115191373
2025-03-28,1.4359990668520644,1.1098304302910424,1.3953833279783732
2025-03-31,1.330119131506648,1.1104659076261638,1.3001007760939152
2025-04-01,1.2272388911699303,1.1106543584752189,1.2024288469593534
2025-04-02,1.1443600097871298,1.1108324554135067,1.119767013266599
2025-04-03,2.6471297588142524,1.1134829518227929,2.6217608815450735
2025-04-04,3.78967395431322,1.116564857050409,3.783788434889033
2025-04-07,3.322871234339363,1.1195741315339507,3.380848319578978
2025-04-08,3.01396710665528,1.1221110105510952,3.1143081928415497
2025-04-09,2.6481415143454856,1.1252689438529795,2.781243678644502
2025-04-10,2.718183503739216,1.12843400693173,2.8459791847446816
2025-04-11,2.39604807130408,1.1315952279856965,2.5454494927222577
2025-04-14,2.1222459706640984,1.1346789078853983,2.2818515902661156
2025-04-15,1.890829817831314,1.1376731622043301,2.051227837174603
2025-04-16,1.7938966525416118,1.1406281848174715,1.9385569168843098
2025-04-17,1.6158588180902438,1.1434842281378435,1.7520574305655623
2025-04-21,1.7513863308819104,1.1465210961861976,1.851591056362068
2025-04-22,1.5814109522828026,1.1496168005035416,1.6765584749718694
2025-04-23,1.440687548360157,1.1524683891543404,1.5250809985046696
2025-04-24,1.32568137800906,1.155363651843003,1.39463338408343
2025-04-25,1.2326052944880612,1.1581608385712236,1.2829231793057603
2025-04-28,1.161706312283789,1.1609287109896111,1.1912086215268927
2025-04-29,1.101707315034261,1.163092594766212,1.1103090866961325
2025-04-30,1.0664691219158668,1.1652412145131152,1.054038274447375
2025-05-01,1.027655488965052,1.1673656959153804,0.9954483532559587
2025-05-02,0.9980883948829383,1.1696688146650744,0.9468976945795149
2025-05-05,1.0188606165712757,1.1695926521657019,0.9548858905649408
2025-05-06,1.044195998843129,1.1688893959652469,0.9725011670944153
2025-05-07,1.008609815538199,1.16825959786342,0.9279816937849583
2025-05-08,0.9811378251805402,1.1676697101492357,0.8914618197096273
2025-05-09,0.9595228063990975,1.1664767258715452,0.8616970349258491
2025-05-12,0.9435928189637732,1.1661808281737442,0.8375806158215459
2025-05-13,0.9314496508131828,1.1658633487677705,0.8181427821596913
2025-05-14,0.9353462909532492,1.165367181621312,0.8176633708317868
2025-05-15,0.9249765294319634,1.1649368909945295,0.8021638735320857
2025-05-16,0.9170703331806128,1.1644962704963895,0.7897782245668716
2025-05-19,0.98251970361922,1.1640683639718072,0.8618235086141478
2025-05-20,0.9603892273448302,1.1634414794049592,0.8376827537916727
2025-05-21,1.399894446020842,1.1634127797132023,1.315572004870885
2025-05-22,1.2905955369518367,1.1633340414515514,1.2155722356158025
2025-05-23,1.3832227629705924,1.1633469301975228,1.3200830701133925
2025-05-26,1.277229105524925,1.1633943682174157,1.2194069115762793
2025-05-27,1.192049129860007,1.1635664501866665,1.134094107206276
2025-05-28,1.1319545997962994,1.1637082985009604,1.0704495055816505
2025-05-29,1.0767997083952057,1.1638383289787289,1.009107891159315
2025-05-30,1.0337187722006407,1.163995407207434,0.9581849529187985
2025-06-02,1.0001799158151499,1.1639577363461269,0.9162114930516861
2025-06-03,0.9743604302310311,1.163908805706014,0.8818487013087903
2025-06-04,0.9545584591841403,1.1637953479886403,0.8538935999291715
2025-06-05,1.0021101675963575,1.1636896751282104,0.9009913939655584
2025-06-06,0.9759368053311649,1.1638124539632664,0.8694460857350501
2025-06-09,0.9702853209236962,1.1639294824000292,0.859954926725814
2025-06-10,0.9507931762481261,1.1630037592372606,0.8361731830189247
2025-06-11,0.9449502653579183,1.1620908518700248,0.8273847714334608
2025-06-12,0.9819604106072709,1.1612305042496947,0.8674392382178708
2025-06-13,1.4183447704983438,1.160985364248835,1.3388950862558275
2025-06-16,1.305127662721161,1.1608143107319102,1.2354093394498846
2025-06-17,1.5027014913148917,1.160823211346155,1.4477807914183694
2025-06-18,1.3740858837787397,1.1608998406408713,1.3283561103860666
2025-06-19,1.4464255390444405,1.1604311939964387,1.4082164890385283
2025-06-20,1.3276066465636576,1.1600304633930956,1.2945232419697996
2025-06-23,1.231259823108023,1.159489963734055,1.1976936937297449
2025-06-24,1.1542736625254864,1.1591746736363766,1.1157745417421927
2025-06-25,1.0931400971513212,1.1587742696487526,1.0469565893579351
2025-06-26,1.045110375032226,1.158371116697926,0.9895619940155341
2025-06-27,1.0077064572582632,1.1579767458805035,0.9420396297396412
2025-06-30,0.9950799485468491,1.1575749478975434,0.9205000076045627
2025-07-01,0.9699732202488892,1.157172465970393,0.8863902165525069
2025-07-02,0.9497199460893723,1.1567327003244958,0.857578469878996
2025-07-03,0.9342438525353004,1.1563031194284654,0.8342542490152508
2025-07-04,1.0352850911705433,1.1559461942495421,0.9404105890513994
2025-07-07,1.0075165090458815,1.155302905735115,0.9104884842764349
2025-07-08,0.9780276437810947,1.1547440443665427,0.8771812651898124
2025-07-09,0.9554024785398038,1.154275081598836,0.8501097623248424
2025-07-10,0.938069654130225,1.1538004680186258,0.8282293812706719
2025-07-11,0.9658732090704245,1.153315171147939,0.856884113518275
2025-07-14,1.0060404703589216,1.1522242281778317,0.9015799531932817
2025-07-15,0.9787018401944486,1.1510261821522567,0.8731540688790267
2025-07-16,0.9544194549567816,1.1495600254010228,0.8468474904019023
2025-07-17,0.935637487491817,1.1480805825376545,0.8256006322671998
2025-07-18,0.9210008599344519,1.1464540566459698,0.8085232983656069
2025-07-21,0.9156097705900696,1.1447620433959191,0.8017116838365275
2025-07-22,0.905189577933816,1.1430525342257896,0.7894175853121084
2025-07-23,0.8969167185419168,1.141205883265592,0.7796268030282181
2025-07-24,0.8903746694510126,1.139324278684519,0.7719074737298506
2025-07-25,0.8850914393439809,1.137483095259002,0.765733507168127
2025-07-28,0.8820995658087584,1.1356430319426962,0.7623688398668981
2025-07-29,0.9835003914589969,1.1339393317104756,0.8774555783628024
2025-07-30,0.9548622706966695,1.1322733521548585,0.8503319093154156
2025-07-31,1.0862357478926938,1.1308094003854054,0.9973019803449705
2025-08-01,1.7660823423611935,1.1303583750297954,1.7129925393883068
2025-08-04,1.5870845988793414,1.1299788705989153,1.5565527681386198
2025-08-05,1.4452904690753343,1.1295963385209782,1.4280232939276587
2025-08-06,1.322667577284633,1.1291717212186994,1.3114527501972766
2025-08-07,1.2230001504497048,1.1286576380816284,1.212071537492734
2025-08-08,1.1430599196892524,1.12830626161517,1.1279018255149693
2025-08-11,1.1925684282253994,1.128017553054916,1.1715881528933278
2025-08-12,1.1188943917993333,1.1278597093610534,1.0937910312303718
2025-08-13,1.0605240591330307,1.1277058659065315,1.028577219269414
2025-08-14,1.0284974691266868,1.127562058602541,0.9885392678088211
2025-08-15,0.9976933075850514,1.1273774399020053,0.949492919404879
2025-08-18,0.9658837756169217,1.127193573438032,0.9090770858403593
2025-08-19,0.9806358223112187,1.1270499243600525,0.9177532021191753
2025-08-20,0.9543422216375004,1.1269059215391497,0.8848382903107213
2025-08-21,1.017687449072651,1.126676462876544,0.9478127473293446
2025-08-22,0.9817905071857235,1.1271519897511604,0.9076991682270068
2025-08-25,0.9956326310442021,1.1276373725626514,0.9196076511208462
2025-08-26,0.9649119524599122,1.1281220997746655,0.8846205355970435
2025-08-27,0.9480058860576763,1.1284629262851307,0.8635002721481911
2025-08-28,0.928384868467814,1.1287975106280133,0.8390376487381244
2025-08-29,1.0190767645275798,1.1290683876541756,0.9348013671363559
2025-09-01,1.0424451007127424,1.128389789035686,0.9621844209921505
2025-09-02,1.0992471441855103,1.127601839303218,1.0257982433207808
2025-09-03,1.044494486342556,1.1268740550744791,0.972003648141302
2025-09-04,1.0016413190359112,1.1262157271144815,0.9275723669881504
2025-09-05,0.9683224690153586,1.125560036604001,0.891127203041182
2025-09-08,0.9424453469565225,1.124744114899029,0.8614251633194842
2025-09-09,0.9224322609275979,1.1238177307731,0.8373608039549021
2025-09-10,0.9187972616415442,1.1227030631471528,0.8310743793427878
2025-09-11,0.9039858339598027,1.121651994158616,0.8129155528097615
2025-09-12,0.8929147506901205,1.120591731184913,0.7987395520443444
2025-09-15,0.9882538418847661,1.1196693386888827,0.9018481025095079
2025-09-16,1.0032650038748485,1.1188041866206972,0.9208436544821277
2025-09-17,0.9681145118218196,1.1179436622656798,0.8856298165712353
2025-09-18,0.9408932096683448,1.117085407656908,0.8569611613136269
2025-09-19,0.9198334240502462,1.1161327985504235,0.8337559930819088
2025-09-22,0.9508811660770234,1.1145339241135732,0.8674852828722803
2025-09-23,0.9565988187322835,1.1129284505304013,0.8751686877396837
2025-09-24,0.9305673882100104,1.1113513827768424,0.8484791547233203
2025-09-25,0.9430153826953195,1.1098129464013293,0.862501763476458
2025-09-26,0.9198624636324716,1.108529512462343,0.8382308369417102
2025-09-29,0.9794507032005235,1.1072102239412351,0.9029542313982475
2025-09-30,0.9499550094609743,1.1058296577683202,0.8739466619880186
2025-10-01,0.9242928626793567,1.104341034282436,0.8475008601765547
2025-10-02,0.9166077481671208,1.102811784485458,0.8394313074933529
2025-10-03,0.8982042885669163,1.1011632467531778,0.819676797280489
2025-10-06,0.8839119277394101,1.0995299995907342,0.8037760434349857
2025-10-07,0.9496264086471058,1.0980049508085106,0.8746587334497953
2025-10-08,0.9226928481352829,1.0965890114350043,0.8480660728976251
2025-10-09,0.9036632447986362,1.095166064119958,0.828562178716842
2025-10-10,2.189660932656013,1.096449971498928,2.1502792934872437
2025-10-13,1.9417274680036847,1.0978282160702557,1.9363809026118801
2025-10-14,1.849959188739038,1.0991153187905263,1.8650168792801851
2025-10-15,1.656135755305102,1.1003393113035633,1.688205212644482
2025-10-16,2.1019772691444594,1.101956951972263,2.1253535517649764
2025-10-17,1.8690579766288686,1.1038248611079566,1.9146466305822596
2025-10-20,1.6737303008549496,1.105816440463787,1.7312866660377189
2025-10-21,1.5109450486367795,1.1077366492086465,1.5723675600825655
2025-10-22,1.4067774450850425,1.109627532102552,1.463993385230958
2025-10-23,1.291445803740908,1.1115581604216669,1.3422383141603431
2025-10-24,1.1980028430684129,1.1134896281510664,1.2382550641931573
2025-10-27,1.122893612057705,1.1151588120084062,1.150020940678908
2025-10-28,1.1004424800960748,1.1167546480762907,1.1119995881294202
2025-10-29,1.0681938531933237,1.1183586848592004,1.0659453663298133
2025-10-30,1.02076751711641,1.1199514239465924,1.0053565337729695
2025-10-31,1.0090785479832578,1.1215461702489113,0.9806341519649415
2025-11-03,0.9752110848426613,1.1231369693853015,0.9346791064317208
2025-11-04,1.1999825998738483,1.1250329915162487,1.1563465968298605
2025-11-05,1.1263518757475393,1.1268762913470138,1.0809782236474517
2025-11-06,1.2134841803666006,1.128757102303237,1.1679886403557185
2025-11-07,1.137718791266102,1.1306319984858026,1.0907636462588952
2025-11-10,1.0753250317927134,1.129968054415699,1.0260494023194011
2025-11-11,1.0261165723249968,1.1292156853320805,0.9722118102553579
2025-11-12,0.9922507142854572,1.128410893247668,0.9326238920379426
2025-11-13,1.3598711644858126,1.1281571699014281,1.3113113177274114
2025-11-14,1.2527460189519661,1.1274659533662204,1.2119513604101446
2025-11-17,1.4577005741921076,1.1268061820916675,1.4254455976991895
2025-11-18,1.509542169003569,1.1261444578738555,1.4883626533879437
2025-11-19,1.3745081767672391,1.125506190120694,1.3631236642359343
2025-11-20,1.495050076753284,1.1250464310418482,1.4865556578883954
2025-11-21,1.3628648223503315,1.1247069218245256,1.3615742241978583
2025-11-24,1.2553616626295387,1.1246025057770412,1.2547245562273817
2025-11-25,1.1688025102642448,1.1246660304285891,1.16395557131705
2025-11-26,1.099803387883489,1.1248237621956605,1.0873725028710264
2025-11-27,1.0453183228088945,1.1249582872266866,1.023253094791313
2025-11-28,1.002731355847617,1.1251651398794758,0.969894627266282
2025-12-01,1.0428157421136297,1.125428270481953,1.0015343888254662
2025-12-02,1.0009401520570549,1.1257237991621214,0.9519242322790191
2025-12-03,0.9682571455971807,1.125720889030669,0.9110718764181013
2025-12-04,0.9430641505221158,1.1256690650453178,0.8776568782844467
2025-12-05,0.9236816724391581,1.1254849194902614,0.8504951851715563
2025-12-08,1.0698473797696566,1.1255087649592073,1.0011872272457334
2025-12-09,1.0282629605310112,1.1253847182186187,0.95866335697157
2025-12-10,0.9893680528498987,1.1253973698209891,0.9166044490400427
2025-12-11,0.9593793994035937,1.1255171611308288,0.882169269471568
2025-12-12,1.026251635808684,1.1251992943474503,0.9515841297541695
2025-12-15,1.0447403064876937,1.1249460787077752,0.9721196593012611
2025-12-16,1.0016169147932756,1.124409444997684,0.9276678565089985
2025-12-17,1.0821111865238249,1.1238724429400342,1.013201952228676
2025-12-18,1.0306503907727391,1.1233630009930005,0.9615720253834343
2025-12-19,0.9906326342292586,1.1230957964483705,0.9189940304485117
2025-12-22,0.9595410590485434,1.1227348235447228,0.8841195959823536
2025-12-23,0.9353557205683835,1.1220884403646623,0.855735809698297
2025-12-24,0.916662869325468,1.1213021305607156,0.8327669085644555
2025-12-26,0.9048870515152706,1.1203916815114259,0.8172111232723157
2025-12-29,0.9461184048521624,1.119554436371899,0.8600442988590763
2025-12-30,0.9266514684604994,1.1186505620612721,0.8388203216422454
2025-12-31,0.9594286487279813,1.1177285967532549,0.8741597245355108
2026-01-02,0.9341358166776392,1.1167987625351312,0.8476618571104872
2026-01-05,0.9345120673378167,1.1158678147522672,0.8480754329657237
2026-01-06,0.9147622314022371,1.114933151359309,0.8265899079954946
2026-01-07,0.9490294094494648,1.1140464514552344,0.8636184574220263
2026-01-08,0.9259554308928698,1.1129454326246186,0.8397710688038734
2026-01-09,0.9076944485893919,1.111987010715503,0.8199044236982748
2026-01-12,0.9450233330452747,1.1109524562284383,0.8604718380051726
2026-01-13,1.004726559816152,1.1099118289305687,0.9267174132387931
2026-01-14,1.0255217130807128,1.1088282950935189,0.95282308536265
2026-01-15,0.9834924483695846,1.1077733883786882,0.9118094011360051
2026-01-16,0.9508137167710613,1.1067235101867134,0.8783054047425646
2026-01-19,1.551699729973554,1.106521750351072,1.5045948664009194
2026-01-20,1.4819973279328138,1.1063225732127135,1.4527783781430668
2026-01-21,1.3499960933276807,1.1060888445328432,1.3326342543999083
2026-01-22,1.242290951428046,1.1058516482783756,1.2300815972934478
2026-01-23,1.173391822027067,1.1056303559508487,1.16124493540338
2026-01-26,1.1004764858914524,1.10535806687245,1.085425555254712
2026-01-27,1.0461221190664118,1.1050876490125117,1.0254370560887685
2026-01-28,0.9995643270945599,1.104748735233492,0.9717042883511424
2026-01-29,0.9905373632528962,1.1044392658720532,0.9553972032615545
2026-01-30,0.9849257779142547,1.104099810705536,0.9436996386562835
2026-02-02,0.9519378656193901,1.103862986063035,0.904327257136486
2026-02-03,1.1612522051647522,1.1039110398940668,1.1166121385691632
2026-02-04,1.11945798134633,1.103982146594772,1.0774862412114599
2026-02-05,1.5429338145234874,1.1045626989899668,1.5104288503600558
2026-02-06,1.4015192057192796,1.1056581623630335,1.3820540192047488
2026-02-09,1.2855115308701048,1.106609199311121,1.2721873588430284
2026-02-10,1.2044977808198736,1.1074986681707568,1.1918626598731918
2026-02-11,1.126311491551072,1.1082806738367317,1.1108601316097362
2026-02-12,1.6012925404185208,1.10963536713643,1.5825272926556435
2026-02-13,1.4504711662077259,1.110893478241726,1.4440224070283674
2026-02-16,1.3427261775954173,1.1121548111661432,1.341193288083414
2026-02-17,1.2378159087683434,1.1124647392164841,1.237365599974397
2026-02-18,1.153205806436995,1.1127440082966074,1.149268871935545
2026-02-19,1.1076954725916326,1.1126383563404598,1.0974419401499107
2026-02-20,1.0493156569879247,1.1125178578342012,1.0316268511433773
2026-02-23,1.21977150483195,1.1126331470884732,1.1963053774016066
2026-02-24,1.1387091112307832,1.112852367567235,1.1146042400780647
2026-02-25,1.0743448943425942,1.1132400873127055,1.045977093439431
2026-02-26,1.0605233462776764,1.1136636511981524,1.0265433122864325
2026-02-27,1.1136163576384823,1.114163957413809,1.07622700951054
2026-03-02,1.191495025587602,1.1147713074886705,1.1542757365551786
2026-03-03,1.310409134583547,1.1154359380977465,1.2769635092671991
2026-03-04,1.21237754020767,1.1159976612878721,1.1827968938072166
2026-03-05,1.4105913866176838,1.1168048549321408,1.383904233680929
2026-03-06,2.032282372112695,1.1177505786176092,2.013922054102393
2026-03-09,1.8096883267568482,1.1183315322389868,1.8175916373047056
2026-03-10,1.623474052764626,1.1189058780791172,1.647081746605189
2026-03-11,1.4689496247319036,1.1194754271532719,1.4996439297379893
2026-03-12,1.5943870797268775,1.120238387130168,1.6183599476012744
2026-03-13,1.4445079065204178,1.1203597422256835,1.474881466423658
2026-03-16,1.3218557909242596,1.1207858992689015,1.3515670105473867
2026-03-17,1.2222454630719641,1.1212406628373768,1.246198613383918
2026-03-18,1.4123119726179483,1.1219278532953891,1.4219106933981474
2026-03-19,1.2960912051240836,1.1226155210044086,1.306226334139685
2026-03-20,1.4303939345508985,1.1234849157865896,1.4332097906447612
2026-03-23,1.311155743609431,1.124275638800379,1.3158885059152998
2026-03-24,1.2336076896647492,1.124829587093085,1.2350814985255023
2026-03-25,1.1518730398789618,1.1253531445728493,1.147337674793258
2026-03-26,1.23137054374384,1.1258488157830073,1.2184719430499826
2026-03-27,1.4572651234418532,1.1266100319098886,1.4414170277889742
2026-03-30,1.333332603666467,1.1272613113204941,1.3229099969385671
2026-03-31,1.2331592159976748,1.128402518607611,1.2218104533846483
2026-04-01,1.1524818367332303,1.1293646373071895,1.1361238999334535
2026-04-02,1.088174877489827,1.1301349689307025,1.0640046842002153
2026-04-06,1.041274787940244,1.130632332812042,1.0077679732954408
2026-04-07,1.1036341024089462,1.130542061137046,1.0639324452238497
2026-04-08,1.0498245453407917,1.131334422706213,1.0036806205163074
2026-04-09,1.007965999426568,1.1322795838484414,0.9536978389406154
2026-04-10,0.9756279331794473,1.133214839295709,0.9125272752088016
2026-04-13,0.9507112747832541,1.13394944331747,0.8788436379698041
2026-04-14,0.93181508680639,1.1347350950772608,0.8514570171183041
2026-04-15,0.917325438435019,1.1352170136145776,0.8293154984684659
2026-04-16,0.9064004810237031,1.135659674374326,0.811503537885079
2026-04-17,0.8980397251792372,1.1358612503294583,0.7972363714733542
2026-04-20,1.0497434086480373,1.1362580851197495,0.9599992312496921
2026-04-21,1.0356943062506427,1.136478070179975,0.947726599816635
2026-04-22,0.9972177074240108,1.1367145288065954,0.907628509909203
2026-04-23,0.9786963042742116,1.1369466161610229,0.8871202804580673
2026-04-24,0.9532699470769022,1.137133448633009,0.8581711088122228
2026-04-27,0.9337723684067761,1.137221756738764,0.8347327356705259
2026-04-28,0.9187103134285585,1.1370100052330234,0.8158539575193591
2026-04-29,0.9863943248011923,1.1369008452807132,0.8887172778786289
2026-04-30,0.9587006832166126,1.136528736108331,0.8594677585575855
2026-05-01,0.9383876661593544,1.1361434187636699,0.8368616874968049
2026-05-04,1.0650430808187996,1.1359322426976004,0.9750433651894669
2026-05-05,1.019624719198196,1.1357887004192286,0.9300743970242381
2026-05-06,0.9842252486092805,1.1355291911703547,0.8931825390142824
2026-05-07,0.9560272611175897,1.1342499724487545,0.8630952554614119
2026-05-08,0.9352483520434559,1.132815714933369,0.8399852998713727
2026-05-11,1.0376909713397338,1.1315391075875372,0.9514159531981793
2026-05-12,0.9966121733151768,1.1302801210319502,0.9106546722001706
2026-05-13,0.964596415087678,1.1289721874342167,0.8773168526820855
2026-05-14,0.9398275778035032,1.1277057541752635,0.850219583401841
2026-05-15,1.0355944206106944,1.126587551857378,0.9536800029359954
2026-05-18,0.9942782286664031,1.1254811131245162,0.9125126388165811
2026-05-19,0.9667881567334179,1.1241603106318956,0.8841037767140236
2026-05-20,0.940609132424303,1.1228544500512967,0.8557228523301221
2026-05-21,0.9204048696090216,1.1215823447255222,0.8327564686029163
2026-05-22,0.9048121351971358,1.120303171467438,0.8142663200697915
2026-05-25,0.8927541520485918,1.1189988900798786,0.799445480317451
2026-05-26,0.901669112257928,1.117675387579059,0.8079545952589168
2026-05-27,0.8899285072408907,1.1164233390609497,0.7944004078548802
2026-05-28,0.8807950340459465,1.1151155366149286,0.7835915007196033
2026-05-29,0.8734104602075705,1.1134683542876287,0.7749973109630769
2026-06-01,0.9304750399661456,1.111912223154328,0.8382293337744748
2026-06-02,0.9103105008731912,1.1101794827864548,0.8186643927764296
2026-06-03,0.9042580074292955,1.1083934481942772,0.8136319462754643
2026-06-04,0.8897771406369125,1.1066791079621952,0.7989381327737463
2026-06-05,2.577548393338135,1.1091766405762429,2.533394402772691
2026-06-08,2.27375658327799,1.1117274989852504,2.271290945695861
2026-06-09,2.0468766743504605,1.1141127267920423,2.0722970732981314
2026-06-10,1.9964350628057004,1.116556167866176,2.0346623700260444
2026-06-11,1.7826407938785647,1.1191141872034327,1.8356423181001251
2026-06-12,1.6038965178589297,1.1216978256197165,1.6627287211087682
2026-06-15,1.4556048598434947,1.1242023412179856,1.5131433177329898
2026-06-16,1.3370713593522225,1.1266575628823514,1.3874917426781321
2026-06-17,1.498958758605453,1.129319451705318,1.5286246053233605
2026-06-18,1.3703790628873458,1.1321071981044906,1.3976768124283954
2026-06-19,1.2764418247613167,1.134827475874637,1.2960763310854804
2026-06-22,1.2088486207958382,1.1375419130739755,1.2175388437335377
2026-06-23,1.4328348739474481,1.1405372681328743,1.4264591981546477
2026-06-24,1.3178503587281827,1.143515411352204,1.3101152575250774
2026-06-25,1.2288637922894465,1.1464050383699471,1.2150469027984065
2026-06-26,1.153570897691165,1.1492412436037962,1.1304131050195765
2026-06-29,1.0940819768189218,1.1520687167005275,1.0592170655724917
2026-06-30,1.0476902194828395,1.154919706299966,0.9997561642720689
2026-07-01,1.0137858945556502,1.1577397324096639,0.9524150418803768
2026-07-02,0.9861395824121452,1.160547694840673,0.9114746513205948
2026-07-03,0.965311058674871,1.1632863843439414,0.8779852914485526
2026-07-06,0.9465993133316758,1.1620021566245047,0.8507612191443613
2026-07-07,0.9664682778032604,1.1606964254274241,0.8669904290129159
2026-07-08,1.00517353725613,1.1594561673474335,0.9064526087998201
2026-07-09,0.9764299974908596,1.158265384098135,0.8738925952312446
2026-07-10,0.9541957912294521,1.1570400528935894,0.8474455522332984
2026-07-13,1.340303698420623,1.1563409306947496,1.2627635693192927
2026-07-14,1.240736139555869,1.1555845793363635,1.1707630896129242
2026-07-15,1.1608551227435748,1.154883703235958,1.0930969874626864
2026-07-16,1.1948712650323465,1.154059471604475,1.1310489379332798
2026-07-17,1.398278701833079,1.1533457608193651,1.3455576910708809
2026-07-20,1.2872214494794592,1.1526278913855936,1.2410810658454186
2026-07-21,1.1977216771854804,1.152048811465903,1.152410879851453
2026-07-22,1.1259442757081721,1.1511845707791606,1.0776723917777609
2026-07-23,1.3621404509080552,1.150628527371019,1.3182912394459732
2026-07-24,1.257785854587338,1.1500726533571695,1.2178837185872877
2026-07-27,1.1743109656304842,1.1495065358665866,1.1333431430948
2026-07-28,1.1072672360365405,1.1489157932590186,1.061673034413138
2026-07-29,1.3946736779619813,1.1486023176017015,1.3531620834179474
2026-07-30,1.2847571786139202,1.1488626027510862,1.2475572628140161
2026-07-31,1.196138848127591,1.1491824763717902,1.157889367772241
2026-08-03,1.1253938990415757,1.1494872439483614,1.0822744217618747
2026-08-04,1.1071707348010964,1.1498205320831596,1.0580934079749293
2026-08-05,1.0552895962720377,1.1501539427398404,0.9988213353748507
2026-08-06,1.0148176939726663,1.1504623957348628,0.949682930245669
2026-08-07,0.9834310794356664,1.1506463766075137,0.9092329998410749
2026-08-10,0.99572538985405,1.1507821531462852,0.9156104586558631
2026-08-11,0.9682472556119123,1.1503148612445204,0.8813583380214882
2026-08-12,0.9471798857661621,1.1499026063106388,0.8534958347877276
2026-08-13,0.9318698492815399,1.1499026063106388,0.8318987342219003