,"CBOE Volatility Index - MF2-GARCH Volatility","CBOE Volatility Index - MF2-GARCH Trend"
2016-01-04,1.4529503542791817,1.1640681474896561
2016-01-05,1.334933607337833,1.1650156290797133
2016-01-06,1.319125660428149,1.1654264301104553
2016-01-07,1.8628483030026894,1.166433518036926
2016-01-08,1.7651617602928067,1.1672934849471233
2016-01-11,1.5919234780604248,1.1680892859708971
2016-01-12,1.449046434038606,1.1689538553766783
2016-01-13,1.5717846379195848,1.1691776032750543
2016-01-14,1.4318521865052969,1.1694004463826753
2016-01-15,1.5805042220759804,1.1697890271326707
2016-01-19,1.4389675298629916,1.1699198895650933
2016-01-20,1.387068951422387,1.1700552602334644
2016-01-21,1.281243616179218,1.1700940269909936
2016-01-22,1.1965783467872049,1.1705982009212212
2016-01-25,1.2619636698415688,1.1709973595187992
2016-01-26,1.181206225855587,1.1714136997662268
2016-01-27,1.1337484165369316,1.1718411820720418
2016-01-28,1.079697040840624,1.1721609121618073
2016-01-29,1.0377273977302517,1.1727180274899844
2016-02-01,1.005188704671914,1.1731446048974525
2016-02-02,1.19906821323893,1.173794861123527
2016-02-03,1.131476748324949,1.1740812203591369
2016-02-04,1.0800357660744389,1.174299592097349
2016-02-05,1.1491677840942114,1.1745742428641963
2016-02-08,1.3349190717043486,1.174444971890978
2016-02-09,1.2484450168109127,1.1742694409717047
2016-02-10,1.1702079507506349,1.1739842009158385
2016-02-11,1.212367355218706,1.1737316337221213
2016-02-12,1.1415118974412837,1.1735071435658158
2016-02-16,1.0855888724558667,1.1733159011962635
2016-02-17,1.0417884506942856,1.1730642642242581
2016-02-18,1.0078111073013634,1.1728242835139457
2016-02-19,0.9816638304429884,1.1726218623239122
2016-02-22,0.9617148433917404,1.1725117193444166
2016-02-23,1.1064110628514159,1.1720093361402886
2016-02-24,1.0574601779736201,1.1713796020078204
2016-02-25,1.0193739549350866,1.170838745515368
2016-02-26,1.023511772282078,1.1703238013473023
2016-02-29,1.0278110682416297,1.1698295260421494
2016-03-01,0.9965714625655302,1.1697086714220768
2016-03-02,0.9725957433589764,1.1696242165755633
2016-03-03,0.9540622809858904,1.1692715732454972
2016-03-04,0.9424477534590444,1.1689188235288197
2016-03-07,0.9538517431970231,1.168595295215585
2016-03-08,1.0789485047952938,1.168333151117437
2016-03-09,1.0355418581592923,1.167808362703402
2016-03-10,1.0018341419616323,1.1672861448676584
2016-03-11,0.9760390524973886,1.1670182003722136
2016-03-14,0.9733227666093093,1.1666647693317906
2016-03-15,0.9538896539956809,1.1660860688645587
2016-03-16,0.9393454827697848,1.1659128457993762
2016-03-17,0.9282143890287415,1.16562750653886
2016-03-18,0.9197668487176519,1.1653481522703848
2016-03-21,0.9132965980446878,1.1649933493372397
2016-03-22,0.9293209972878047,1.1645582681858389
2016-03-23,0.9965174740063517,1.1640104535613072
2016-03-24,0.9711501840601174,1.1634671460767596
2016-03-28,0.9816298161730826,1.1627771979188446
2016-03-29,0.9596514867388056,1.1623629674073415
2016-03-30,0.9428146731993515,1.1619223468029178
2016-03-31,0.9517647209263433,1.1608405782018476
2016-04-01,0.9361116664159249,1.159861224457478
2016-04-04,1.071371817811165,1.1590697752939638
2016-04-05,1.2091936817565663,1.158490761292467
2016-04-06,1.1364592223216812,1.1580594388890408
2016-04-07,1.4652631681715065,1.1578973115090994
2016-04-08,1.3429216298801654,1.1577649813325674
2016-04-11,1.3101563234973146,1.1576820496146598
2016-04-12,1.2172667448016479,1.157494179682991
2016-04-13,1.1430468021914064,1.1573908708815703
2016-04-14,1.0842936152168379,1.1572891859859402
2016-04-15,1.0378093524342513,1.1567167968003231
2016-04-18,1.0015873521565655,1.15610870423157
2016-04-19,0.9735512251545884,1.1554736846852032
2016-04-20,0.9522235913901735,1.1548318786732552
2016-04-21,1.0010261255331951,1.1542485555546518
2016-04-22,0.9728254087964602,1.1536551079070383
2016-04-25,1.0547150136411256,1.153189745011635
2016-04-26,1.0141752097147712,1.1526914018938461
2016-04-27,0.9824818715884788,1.1518864944081946
2016-04-28,1.2008692201901088,1.1513965607035659
2016-04-29,1.1508055839280587,1.1509011634367219
2016-05-02,1.0889788592989305,1.1503761993365473
2016-05-03,1.1292407909741837,1.1497480958888342
2016-05-04,1.0910696036458902,1.1489292824190702
2016-05-05,1.0413349259484195,1.1479407545688063
2016-05-06,1.0022284769452523,1.1466702176301606
2016-05-09,0.9718102222141934,1.1453706596556419
2016-05-10,0.9483496633626227,1.1441657677102561
2016-05-11,1.07620148671148,1.1430074487946262
2016-05-12,1.0285110675145892,1.1417582388579468
2016-05-13,1.038392804289398,1.1405661015478235
2016-05-16,0.9987728931043333,1.1393947235264872
2016-05-17,1.0573561519185484,1.138323978487671
2016-05-18,1.0280931105692712,1.1372718355784601
2016-05-19,1.004858730369598,1.1362405643172577
2016-05-20,0.9722951403766246,1.1352857155800034
2016-05-23,0.9901596234951211,1.1342957392144255
2016-05-24,0.9607290981332876,1.1334458646093337
2016-05-25,0.9380626695482558,1.1326428545662575
2016-05-26,0.9206767054726648,1.131879016503089
2016-05-27,0.9071030503752041,1.130809511810013
2016-05-31,1.0607812498342908,1.1299521087196571
2016-06-01,1.0145836249417788,1.128990937076113
2016-06-02,0.9784982779749793,1.1279852711804352
2016-06-03,0.9505129857082437,1.1269685337222155
2016-06-06,0.9338595333346444,1.1259606138759917
2016-06-07,0.9394061102632876,1.1248099839528451
2016-06-08,0.9200768076633604,1.123661539788561
2016-06-09,0.9478276362292882,1.1224241390846867
2016-06-10,1.4327136029227894,1.1217681418189769
2016-06-13,1.996544875528722,1.121745115433983
2016-06-14,1.7790288361912518,1.1216717648224903
2016-06-15,1.597340752626064,1.1215847038899915
2016-06-16,1.4467135874111368,1.1214075280646194
2016-06-17,1.3231439921641184,1.1212151533046635
2016-06-20,1.222680421042228,1.1210600608352794
2016-06-21,1.142541608870329,1.1207479002880174
2016-06-22,1.4590047648996902,1.120813329685189
2016-06-23,1.333718108147295,1.12120324116549
2016-06-24,3.1593214081508076,1.1242801216778673
2016-06-27,2.772285439849223,1.127308144209027
2016-06-28,2.4422046842965477,1.1305204394437103
2016-06-29,2.1612190726532097,1.1335509110754576
2016-06-30,1.9236609160660305,1.1365822821071954
2016-07-01,1.7240884896083495,1.1395658962956026
2016-07-05,1.6052086967120505,1.1425504312720731
2016-07-06,1.459657070684755,1.145524440594787
2016-07-07,1.3403300205546393,1.1484484002339852
2016-07-08,1.243840173012594,1.1515635423197454
2016-07-11,1.181008015214122,1.1546128805794609
2016-07-12,1.1161386688041948,1.1568886739872597
2016-07-13,1.0647046745459512,1.1585652610017272
2016-07-14,1.0247584417803055,1.1602342125622742
2016-07-15,0.9940631529233946,1.1618928504814892
2016-07-18,0.9707132408698256,1.1635330970797522
2016-07-19,0.9531764936253936,1.1652113696664652
2016-07-20,0.9400920550669493,1.1668372328649785
2016-07-21,1.0932200876310314,1.1686746493357338
2016-07-22,1.0485271670300202,1.1701779095505094
2016-07-25,1.1278627256896117,1.171234379618358
2016-07-26,1.0779270105160181,1.169666552484083
2016-07-27,1.0340469699196455,1.16809586592882
2016-07-28,0.9996501668083692,1.1663123115186602
2016-07-29,0.9729984316534122,1.1646161513563171
2016-08-01,1.0108378801766384,1.162975048743523
2016-08-02,1.110760312578731,1.1614749416151862
2016-08-03,1.0583430937082738,1.1599907085834782
2016-08-04,1.0173000973164212,1.1585273048141767
2016-08-05,0.9855479531712296,1.1572945208545664
2016-08-08,0.9633102117179075,1.1558561554103521
2016-08-09,0.9488502895610035,1.154417525854489
2016-08-10,0.9621844209921505,1.1530225617913987
2016-08-11,0.9422485277250371,1.1516294091416734
2016-08-12,0.9268571734630962,1.150238622199759
2016-08-15,0.9289959483227039,1.1488677574029136
2016-08-16,1.0395472110491182,1.1476580832286243
2016-08-17,1.0008428408096848,1.1464414176049293
2016-08-18,0.9708801512030205,1.1453485478228889
2016-08-19,0.9475448400999289,1.1440344924870054
2016-08-22,1.0901738962202314,1.1428490293997715
2016-08-23,1.0413320219795414,1.1415333109462904
2016-08-24,1.166715312319162,1.1404141931771983
2016-08-25,1.103523353626918,1.1392961880038044
2016-08-26,1.0494402908217313,1.138181069953283
2016-08-29,1.006927304228066,1.1369960422094705
2016-08-30,0.9788699627631853,1.1357472095497307
2016-08-31,0.9657723644834739,1.1343564995185598
2016-09-01,0.9421170691586052,1.1329330536267357
2016-09-02,0.9236433402564,1.1319613898009067
2016-09-06,0.9095788256110627,1.130762489650236
2016-09-07,0.8984069701421511,1.1295675597324846
2016-09-08,0.9514752818649573,1.1284537704310267
2016-09-09,2.605962325130584,1.1310988444870766
2016-09-12,2.2997006761750542,1.133782423571648
2016-09-13,2.3590688417254806,1.136594476495465
2016-09-14,2.0939739539927427,1.1393674086965977
2016-09-15,1.8668792462288502,1.1420313375735363
2016-09-16,1.6765885362843205,1.1446671621043385
2016-09-19,1.5201559196345615,1.1471553600101425
2016-09-20,1.4011364387524865,1.1496305006392271
2016-09-21,1.2929360309002145,1.1523847482503402
2016-09-22,1.205924206573531,1.1553054141654493
2016-09-23,1.147816277981803,1.1580203780590392
2016-09-26,1.6215784532362287,1.1613577743314074
2016-09-27,1.4759032041431441,1.1647897836090426
2016-09-28,1.356546500493072,1.1681598298178206
2016-09-29,1.546562553536067,1.1717570959887549
2016-09-30,1.4155520393118721,1.1753453892367127
2016-10-03,1.3176389475117984,1.1789091873422652
2016-10-04,1.2301171407634315,1.181982959268026
2016-10-05,1.1601112722493476,1.1850800175515577
2016-10-06,1.105100989050322,1.1881534143367178
2016-10-07,1.1194035036571934,1.1911860912552665
2016-10-10,1.0708265741939729,1.1906042818669855
2016-10-11,1.436573410585063,1.190471882910302
2016-10-12,1.347969793430105,1.190212333997594
2016-10-13,1.2991866378623207,1.1899932823339803
2016-10-14,1.2130495604055096,1.1897214497519997
2016-10-17,1.1451579943396457,1.1894224363110022
2016-10-18,1.0910096663183146,1.1892094903758548
2016-10-19,1.0487955892355765,1.1890825522225108
2016-10-20,1.0157373046216231,1.1885256867228406
2016-10-21,0.9901203017815563,1.1878151825936558
2016-10-24,0.9704482799201616,1.187117308440914
2016-10-25,0.9846221569719016,1.1858264814044255
2016-10-26,1.0476731417765754,1.1845257380065661
2016-10-27,1.1517332347379752,1.1833540062043988
2016-10-28,1.1582859439706588,1.1819956446620266
2016-10-31,1.162301611458919,1.18067093806869
2016-11-01,1.2591639226089668,1.1795131097194298
2016-11-02,1.2138380962879687,1.1783926374515414
2016-11-03,1.495807376636444,1.1776139639117735
2016-11-04,1.376680211232805,1.176841092076581
2016-11-07,1.2734581265200673,1.1765831411336813
2016-11-08,1.1905859733761355,1.1763250265126557
2016-11-09,1.125624066906887,1.1770998428340733
2016-11-10,1.089385948137757,1.177865698626121
2016-11-11,1.0464078956124137,1.1786275289505164
2016-11-14,1.0252238467768882,1.1793749785373606
2016-11-15,0.9971530133334604,1.1803098525387306
2016-11-16,0.9934950125692629,1.1811740108891662
2016-11-17,0.9730333951103631,1.1819636644161275
2016-11-18,0.9575718416912645,1.1827329757810932
2016-11-21,0.9459912134898505,1.1835091330446081
2016-11-22,0.9373630075909759,1.1842611620753254
2016-11-23,0.9310398186973531,1.1849709262256185
2016-11-25,0.9262610064123394,1.1855734612414366
2016-11-28,1.031070854985243,1.1861562510900492
2016-11-29,1.0024978583518271,1.186679933259175
2016-11-30,1.0089450569778315,1.187169952449943
2016-12-01,1.0602846315966294,1.1875822144171746
2016-12-02,1.025467774237689,1.1879602872150232
2016-12-05,0.9986515248073273,1.1886505642954956
2016-12-06,0.9782570643752081,1.1893588743520602
2016-12-07,0.9966927048995594,1.1895386399777015
2016-12-08,1.006644713888669,1.1897541746091922
2016-12-09,0.9830084394347793,1.1885824026965905
2016-12-12,1.0997412913953901,1.1875780765911774
2016-12-13,1.0554833622563644,1.1865381763769762
2016-12-14,1.053213841534567,1.1855274421117379
2016-12-15,1.0179964322137873,1.1843569141099317
2016-12-16,0.990763124061448,1.183239324904307
2016-12-19,0.9697871849019248,1.1821575580268477
2016-12-20,0.9536249073928386,1.1810487695264749
2016-12-21,0.9411650184744439,1.1799134171624628
2016-12-22,0.9371134915259731,1.1787904393911581
2016-12-23,0.928324064106926,1.1776725962677403
2016-12-27,0.9820223846735877,1.1766393619117117
2016-12-28,1.1113985459770945,1.1756546278563276
2016-12-29,1.0864181957239119,1.1746894483224066
2016-12-30,1.1003365630569586,1.173758578243414
2017-01-03,1.0528462622814407,1.1729446022724177
2017-01-04,1.0160027322797907,1.1723220342550933
2017-01-05,0.9869189328409906,1.1710031699359313
2017-01-06,0.9644399141470661,1.16969240572041
2017-01-09,0.9591274659814514,1.1683583867974758
2017-01-10,0.9427772525893907,1.1669940154088196
2017-01-11,0.9300283350522177,1.1654774592414905
2017-01-12,0.936950786327649,1.1638085564215448
2017-01-13,0.9249349814986997,1.1621719511328779
2017-01-17,0.9993115550217561,1.1606164172542106
2017-01-18,1.0370936389738392,1.1591183666908225
2017-01-19,1.0152390063428416,1.1575726620821691
2017-01-20,0.9837551768605844,1.1562939660830198
2017-01-23,0.9699224278260608,1.155016036252311
2017-01-24,0.9486996911562688,1.1538596552440854
2017-01-25,0.9323647290626131,1.152720805746127
2017-01-26,0.9197971232831728,1.1515973515078957
2017-01-27,0.910041106763865,1.1503963525672358
2017-01-30,1.2313557065283776,1.1495052205188108
2017-01-31,1.1541809823420242,1.1485932125865972
2017-02-01,1.0908566321932502,1.1476251461169715
2017-02-02,1.04334688191416,1.1464539467418655
2017-02-03,1.0036312828922782,1.1452964018104659
2017-02-06,1.006622558857092,1.1441761193103097
2017-02-07,0.9748825960083604,1.1430317003478074
2017-02-08,0.9557458365067566,1.1418835965193652
2017-02-09,0.9355857737268133,1.1408275575212934
2017-02-10,0.9200636608409225,1.1397618066947146
2017-02-13,0.9196247778306108,1.1386932879401723
2017-02-14,0.9075925539579971,1.1376358380430884
2017-02-15,1.192280908175586,1.136907051609761
2017-02-16,1.1193771643195158,1.136108040636981
2017-02-17,1.0616151166971954,1.1353094661809175
2017-02-21,1.0172125264663232,1.1341934279478083
2017-02-22,0.986974850743422,1.1330759568537319
2017-02-23,0.9577363060884766,1.1318366030483376
2017-02-24,0.9351250718486805,1.130597228017122
2017-02-27,0.9934414909797155,1.1294498713975756
2017-02-28,1.0752312886072468,1.128443386262687
2017-03-01,1.0251187619002982,1.1269506448820197
2017-03-02,0.9859711659069954,1.1255668651839394
2017-03-03,0.9556639639538577,1.1243583450128345
2017-03-06,0.9498817905402757,1.1231737657192675
2017-03-07,0.9370380589922696,1.1218013888385057
2017-03-08,0.9519631463454876,1.120437452069503
2017-03-09,0.9651533681234294,1.1191222935854688
2017-03-10,0.9385252857541986,1.1178991421411861
2017-03-13,0.9179043479578906,1.116616313690607
2017-03-14,1.0729522207442417,1.1155704657259442
2017-03-15,1.0216948448533936,1.1145966660635587
2017-03-16,0.9815770596341381,1.113632424096928
2017-03-17,0.9510769937286885,1.112225277540481
2017-03-20,0.927149405435823,1.1108181633372765
2017-03-21,1.1382510320663013,1.1097190509313608
2017-03-22,1.0895546851810607,1.1086403294125646
2017-03-23,1.0478512413506031,1.1075745500868102
2017-03-24,1.0006767729891606,1.1065176510114965
2017-03-27,0.9638492143483854,1.1054899456801948
2017-03-28,0.935364745968117,1.1045778705007627
2017-03-29,0.9132706608667553,1.103533743933551
2017-03-30,0.8994156302844641,1.1024742282702122
2017-03-31,1.017902979659653,1.1014907952407047
2017-04-03,0.9762574537487537,1.1003334712713233
2017-04-04,0.9438505008739466,1.0992341916079575
2017-04-05,1.1224987875271848,1.0983935524209891
2017-04-06,1.0580831668635504,1.0975503177531316
2017-04-07,1.0440018275846072,1.0967040220588233
2017-04-10,1.1808034756046408,1.0959765289457617
2017-04-11,1.2148775493851223,1.0953314950278752
2017-04-12,1.1778114619921136,1.094495110998674
2017-04-13,1.1047569470250007,1.093581931087013
2017-04-17,1.0433733291588394,1.092808200920912
2017-04-18,0.9950063778690065,1.092044422173384
2017-04-19,0.9896508657097209,1.0913193648057382
2017-04-20,0.9527662210636983,1.0903637741597985
2017-04-21,0.9550756200427273,1.0894316334676537
2017-04-24,0.928225791496875,1.0913888674528434
2017-04-25,0.9079124979864525,1.0933294599524885
2017-04-26,0.894730553854064,1.0952189863219137
2017-04-27,0.8828915493989056,1.09696214884562
2017-04-28,0.9291978798942667,1.0987613753677365
2017-05-01,0.9099767227792149,1.1007019051496187
2017-05-02,0.9565187316513984,1.1025278282202222
2017-05-03,0.9335249969872258,1.104342859803965
2017-05-04,0.9141268883475643,1.1060856549110472
2017-05-05,0.9025997252381589,1.107556803057974
2017-05-08,0.8910703608582209,1.1092084474975838
2017-05-09,0.8935695473772594,1.11082474225235
2017-05-10,0.9026815252346755,1.1122464618959236
2017-05-11,0.9321611856326136,1.1136075323021124
2017-05-12,0.9144112007188013,1.114931456189124
2017-05-15,0.9012337144159667,1.1162435379432214
2017-05-16,0.9051529682876812,1.1173934043120175
2017-05-17,2.9138583493368375,1.1238614558743438
2017-05-18,2.5700102645709415,1.1302354179550382
2017-05-19,2.2765118053724214,1.136633497658766
2017-05-22,2.0271895717963826,1.142981212444019
2017-05-23,1.8124079342134871,1.146508567783076
2017-05-24,1.6328580832393242,1.150046578187162
2017-05-25,1.4840333581156455,1.1535518922007801
2017-05-26,1.3618384001047994,1.1569572870248928
2017-05-30,1.3274589620775477,1.1603194594593336
2017-05-31,1.2353133626736175,1.163503966473686
2017-06-01,1.1615436091684204,1.1666431690967038
2017-06-02,1.1033709131565868,1.169759082888438
2017-06-05,1.08368302007552,1.1728626364583365
2017-06-06,1.0772342085173494,1.1759739639975029
2017-06-07,1.038496181986241,1.178846982436652
2017-06-08,1.008920454743584,1.1816988347290522
2017-06-09,1.055687237774522,1.1845901974944755
2017-06-12,1.13781591305448,1.1875449734641632
2017-06-13,1.088017970439827,1.1906878835362356
2017-06-14,1.0604628706371573,1.1938169256632274
2017-06-15,1.043493359825543,1.196920628947467
2017-06-16,1.0119449056149252,1.195077192485908
2017-06-19,0.98745870192125,1.1932284793785304
2017-06-20,1.0241743582027427,1.1912877385417848
2017-06-21,0.9960108252423766,1.1893048440160328
2017-06-22,0.9741736806134726,1.1873479271047724
2017-06-23,0.9572561224667097,1.185425300894156
2017-06-26,0.9441115823884378,1.1835153078857916
2017-06-27,1.2301230816467108,1.1820492629328103
2017-06-28,1.1558115694177837,1.1807388093901208
2017-06-29,1.4517784665712605,1.1798476342307933
2017-06-30,1.3339090238843128,1.1789153862767252
2017-07-03,1.2388599581873652,1.177983149285252
2017-07-05,1.1624814424325234,1.177032082825273
2017-07-06,1.4237846016866456,1.176414783994149
2017-07-07,1.311330631076694,1.1760032142813217
2017-07-10,1.2205850154741373,1.1755799249732024
2017-07-11,1.148048316056428,1.1750827136844453
2017-07-12,1.0906379582611272,1.1745263981707692
2017-07-13,1.0454880257563928,1.1737879910784572
2017-07-14,1.0103969002327748,1.1730880018140157
2017-07-17,1.010254728274013,1.1724065097055714
2017-07-18,0.9843440435132425,1.1716574106794186
2017-07-19,0.9630637548989164,1.1709153650029536
2017-07-20,0.9466975419847671,1.1701211629570676
2017-07-21,0.9341694021964111,1.1693466791332672
2017-07-24,0.9261211562209342,1.1685566943884238
2017-07-25,0.9182930120609654,1.1677012186342874
2017-07-26,0.9213476021567538,1.1668567778437935
2017-07-27,0.9876523801419202,1.1656687985873173
2017-07-28,0.9723690040308772,1.1642916438762239
2017-07-31,0.9517377138686898,1.1625011690316702
2017-08-01,0.9357524865048449,1.1607195475221395
2017-08-02,0.9331236381101918,1.1589572571928615
2017-08-03,0.9277699908921392,1.1572069823501758
2017-08-04,0.916431365678849,1.1551493358003544
2017-08-07,0.9073530426465765,1.1528957923420486
2017-08-08,1.1482479366408633,1.151018519399232
2017-08-09,1.0901328652967033,1.149144319918086
2017-08-10,2.856695209503457,1.1507249975558886
2017-08-11,2.5120018073241908,1.1522563777215555
2017-08-14,2.2195508464552014,1.1539889392884144
2017-08-15,1.9723071464657833,1.1556805267893027
2017-08-16,1.7646784409631122,1.157363763040817
2017-08-17,2.585691768173461,1.1598235279558697
2017-08-18,2.2840509801665987,1.1622833991759496
2017-08-21,2.0287484417738932,1.1647419697083128
2017-08-22,1.8142659672716128,1.1673518801115625
2017-08-23,1.7262912384647036,1.1699971076887328
2017-08-24,1.5624355641113652,1.1726099351446755
2017-08-25,1.4274674006785584,1.1751883270352885
2017-08-28,1.3177130552589968,1.1777371098848843
2017-08-29,1.2521279088016528,1.1802858331777095
2017-08-30,1.1768701066812768,1.1828411017545848
2017-08-31,1.1175305150196124,1.1854413507213253
2017-09-01,1.0712999579949587,1.188063695262169
2017-09-05,1.7151066905589283,1.1915990785494928
2017-09-06,1.5567580390028501,1.1951285370201818
2017-09-07,1.4262285483049342,1.198274163954143
2017-09-08,1.3656062346079123,1.201426761812804
2017-09-11,1.2682673771724953,1.2014458489669853
2017-09-12,1.190377151998475,1.2014647260739701
2017-09-13,1.1284625913161677,1.2012357686982187
2017-09-14,1.0798808267582123,1.201005298905879
2017-09-15,1.04210395066903,1.200790314751081
2017-09-18,1.0122954726758389,1.1998117502341774
2017-09-19,0.9895097877231938,1.1988040090023055
2017-09-20,0.9717691207277579,1.1978186674117246
2017-09-21,0.9580141209815229,1.1966744820543305
2017-09-22,0.9473759464964264,1.1954834603623758
2017-09-25,1.0426417371273797,1.1944392609086492
2017-09-26,1.0114624283679547,1.1933170710251322
2017-09-27,0.9874005144823451,1.1922280671079675
2017-09-28,0.9688880740312579,1.1911603871855376
2017-09-29,0.9546278877133226,1.1900628453993511
2017-10-02,0.9435928189637732,1.1888951930258613
2017-10-03,0.9361422199644668,1.187683851873048
2017-10-04,0.9328257136250051,1.185489286328645
2017-10-05,0.925562360946036,1.1833557098353817
2017-10-06,0.9850562562615396,1.181318757998873
2017-10-09,1.082502351036708,1.179404892307981
2017-10-10,1.0387384483112194,1.1772512985764765
2017-10-11,1.0045694122359092,1.1751174545550755
2017-10-12,0.9789682997932058,1.1729913298912316
2017-10-13,0.9581099957729281,1.1709037432684208
2017-10-16,0.967701978917063,1.1688370066010059
2017-10-17,0.9909229697610203,1.16683096976383
2017-10-18,0.9661844171792464,1.16485014315147
2017-10-19,0.946945197991943,1.1628222753284356
2017-10-20,0.9319915321503731,1.160799982770503
2017-10-23,1.1911513959190914,1.159178912851679
2017-10-24,1.1224917157823482,1.1574202642082951
2017-10-25,1.0675734597675235,1.1556691879599457
2017-10-26,1.0244379688394998,1.153897109797923
2017-10-27,0.990263710331748,1.1526982883651733
2017-10-30,1.0851905768112806,1.15165566728949
2017-10-31,1.0371738214976312,1.1506417774442228
2017-11-01,0.9997993918781908,1.1496311582416336
2017-11-02,0.9707306341102045,1.148641808398075
2017-11-03,0.9484179521708771,1.1478004704651414
2017-11-06,0.9530268432735776,1.1468984227035977
2017-11-07,1.0040528970129015,1.1459316733557896
2017-11-08,0.9733582362111085,1.144956404410229
2017-11-09,1.0796327375547667,1.1441346022212597
2017-11-10,1.157450963108157,1.1434551377295044
2017-11-13,1.1009736291119783,1.1427548713525575
2017-11-14,1.0498203446304515,1.1420262623950468
2017-11-15,1.3530859130151345,1.1416830838722276
2017-11-16,1.2496823564410278,1.1415281231752463
2017-11-17,1.166496276890758,1.1413899211049658
2017-11-20,1.1003663353629098,1.1413633163896588
2017-11-21,1.0480711483482408,1.1411426168538268
2017-11-22,1.013279051396998,1.1409280590817286
2017-11-24,0.9802538814001197,1.1407277098413977
2017-11-27,0.9662307115797967,1.1405406928295019
2017-11-28,0.9506904669765023,1.139753294358038
2017-11-29,1.0422032124302822,1.1389593776777116
2017-11-30,1.0720181043247359,1.1382228041995996
2017-12-01,1.0293583457669153,1.1374942830625567
2017-12-04,1.0038839713831476,1.136760307188811
2017-12-05,0.9716554018786703,1.1358293023161534
2017-12-06,0.9467421275088588,1.1349004203012703
2017-12-07,0.9276734252957773,1.134112772170387
2017-12-08,0.9131431716877698,1.1334481990810168
2017-12-11,0.9019139049820665,1.132644078252299
2017-12-12,0.9937485033950995,1.1318394974553592
2017-12-13,0.9810906930554382,1.1310515001537287
2017-12-14,0.9776073076649949,1.130294501446415
2017-12-15,0.9504021590884567,1.1294706211318646
2017-12-18,0.9330574708987652,1.1284484108722028
2017-12-19,0.9876777672905269,1.127506296213019
2017-12-20,0.9574772289720523,1.1264847642112166
2017-12-21,0.9339719182073946,1.125260769777388
2017-12-22,0.9390178656447384,1.1240642508326648
2017-12-26,0.9531454285679599,1.1229006812715006
2017-12-27,0.9426395854195811,1.1217437675333881
2017-12-28,0.921863438910558,1.1206103961680884
2017-12-29,1.078919659659606,1.1195716555897617
2018-01-02,1.0272499403747855,1.1188457427188074
2018-01-03,0.9869290187242444,1.1182418450406872
2018-01-04,0.9572088674892225,1.1176290529509334
2018-01-05,0.9326614498305373,1.1169905442751071
2018-01-08,0.9426627095626516,1.1163654401673315
2018-01-09,1.009605721061445,1.1156245658822683
2018-01-10,0.9724878220317209,1.1147823841449953
2018-01-11,0.9447154238181993,1.1139214676089155
2018-01-12,0.9440128177095903,1.112951998964915
2018-01-16,1.356899595401222,1.1126063077297377
2018-01-17,1.2579994117645685,1.1122406843844546
2018-01-18,1.1829917159473264,1.1115133845347973
2018-01-19,1.1083611631593737,1.110925689684058
2018-01-22,1.0490538537177203,1.1102592670182942
2018-01-23,1.003431396758144,1.1095659854195243
2018-01-24,0.9954472140701384,1.1089044269007136
2018-01-25,0.9629869531826484,1.1082198482250714
2018-01-26,0.9353981526601386,1.1075594196249698
2018-01-29,1.8521190458499153,1.108578727921477
2018-01-30,1.726785302230709,1.1096025504657063
2018-01-31,1.5539618914246256,1.1104617093803821
2018-02-01,1.4104909826014487,1.1109247823322692
2018-02-02,2.2297999641223423,1.1122094173311068
2018-02-05,5.60263762883162,1.1166239868460646
2018-02-06,4.880606536077253,1.121042639688607
2018-02-07,4.256787986263822,1.1253919957063852
2018-02-08,3.9607441119062465,1.1296498785021845
2018-02-09,3.4638041572814133,1.1338869943693684
2018-02-12,3.0368501971615265,1.1381243886324552
2018-02-13,2.6709966903760853,1.1422990764243837
2018-02-14,2.358099234553118,1.1461048381365466
2018-02-15,2.092433568837969,1.1498700622244238
2018-02-16,1.872338815492538,1.1535921965755491
2018-02-20,1.733585659839167,1.157175514777253
2018-02-21,1.5683621724589,1.160725626494048
2018-02-22,1.432142286227175,1.1643014918825794
2018-02-23,1.3212157492249328,1.1680622106720173
2018-02-26,1.2317781391143456,1.1718203224044206
2018-02-27,1.6555749454494655,1.1760363208676847
2018-02-28,1.5779357439388968,1.1786748864720924
2018-03-01,1.6984239753371357,1.1814529292358626
2018-03-02,1.54098893701415,1.1843432965149927
2018-03-05,1.4116824175429827,1.1872373461107093
2018-03-06,1.3056346043208262,1.1892284557644928
2018-03-07,1.2174055445906264,1.1882829965963495
2018-03-08,1.1471195526186448,1.1874084133102645
2018-03-09,1.0919426523403142,1.18689396999058
2018-03-12,1.1806805427379583,1.1864773272170017
2018-03-13,1.1473074740452098,1.1860549076665887
2018-03-14,1.1558840616601649,1.1856627311339427
2018-03-15,1.098682132374965,1.1853048671122548
2018-03-16,1.0537060197227688,1.1847308048666583
2018-03-19,1.6852829436032397,1.1851514637378633
2018-03-20,1.5273791199306084,1.1855894027866478
2018-03-21,1.3977657872476348,1.1860016829667654
2018-03-22,2.3300408837614843,1.187576697312641
2018-03-23,2.118547492977205,1.1891087250541896
2018-03-26,1.890103330508679,1.190589994918486
2018-03-27,1.7682235152830652,1.1920698469468978
2018-03-28,1.6017150308341368,1.1930006873426353
2018-03-29,1.4603833729538283,1.194107135896943
2018-04-02,1.81298972970064,1.1954385605291473
2018-04-03,1.6352592455020705,1.1966804836713933
2018-04-04,1.4885445697055901,1.1979181741671674
2018-04-05,1.3686715851510909,1.199189576338954
2018-04-06,1.5666992461860703,1.2007076263603893
2018-04-09,1.4360435522643453,1.2021090965465655
2018-04-10,1.326385382911015,1.2032026662204502
2018-04-11,1.2379878238496533,1.2041423753028542
2018-04-12,1.1677652041399418,1.2052211365554457
2018-04-13,1.112508004465586,1.2063135562530996
2018-04-16,1.0694972987343165,1.2074310762937983
2018-04-17,1.0364434456351201,1.2086729781044996
2018-04-18,1.0236562880185907,1.2089507632654029
2018-04-19,1.014183409448212,1.2092217116806994
2018-04-20,1.0730924265877568,1.2095860415861288
2018-04-23,1.0378756399492186,1.2088264193009681
2018-04-24,1.2338662796267672,1.2083376746588679
2018-04-25,1.1634460279703567,1.2076553117508322
2018-04-26,1.1080425822142397,1.2071488706866276
2018-04-27,1.064794729513628,1.2067154146690926
2018-04-30,1.0586267614225517,1.206087399818106
2018-05-01,1.0258920820437205,1.2050630539519498
2018-05-02,1.0245336539128425,1.2039482547020035
2018-05-03,0.9992654061859643,1.2028084336252385
2018-05-04,0.9799029094762399,1.2018028906605276
2018-05-07,0.9648063059495414,1.2005264895036678
2018-05-08,0.9531606307438427,1.1992538780425102
2018-05-09,0.9443389688030459,1.1982278965205242
2018-05-10,0.9375185182171071,1.1972116654961227
2018-05-11,0.9321299608960116,1.1960995560571035
2018-05-14,0.941213480566444,1.1949231456457776
2018-05-15,1.2926538747862861,1.1942419805047886
2018-05-16,1.207990595989886,1.1935122873267792
2018-05-17,1.1406290685406892,1.192770316532064
2018-05-18,1.0875146730044614,1.192015622380848
2018-05-21,1.0459369789810473,1.1911813312842003
2018-05-22,1.01656325135232,1.190323908858425
2018-05-23,0.9907743153715682,1.1892521885622074
2018-05-24,0.9709062364615855,1.1881837433663196
2018-05-25,1.031033704589719,1.187001716932204
2018-05-29,2.085176884583176,1.1876770621679953
2018-05-30,1.8608512245743878,1.1884414028466024
2018-05-31,1.689801657000016,1.189187557957112
2018-06-01,1.5321952134111372,1.1901096420078279
2018-06-04,1.4029120913300306,1.1910667689092833
2018-06-05,1.297734561457003,1.1918512423956271
2018-06-06,1.2133085856450534,1.192707144273061
2018-06-07,1.1844688277873758,1.193594735243081
2018-06-08,1.1237133442297462,1.1941752986894345
2018-06-11,1.0803918789032063,1.1947499905838042
2018-06-12,1.0420461544480648,1.1952471376246838
2018-06-13,1.069238433652663,1.1957904415072065
2018-06-14,1.0332512182426885,1.1958961225792146
2018-06-15,1.0054259634602638,1.1958614585310456
2018-06-18,1.0035711454600516,1.1958507114184447
2018-06-19,1.144654943640222,1.19605088687731
2018-06-20,1.0920988801386071,1.196277466142366
2018-06-21,1.4357814457639435,1.1969937894575728
2018-06-22,1.3250447056609072,1.1976883284060174
2018-06-25,2.0743505586086455,1.1993516898724912
2018-06-26,1.8541968827500495,1.2009609202634364
2018-06-27,1.8729443771772831,1.2007874816136284
2018-06-28,1.6835295423603354,1.2005253350096365
2018-06-29,1.526849992631889,1.200279507448161
2018-07-02,1.3982073322651403,1.19984020936123
2018-07-03,1.3169752343912928,1.1993813155122937
2018-07-05,1.228559742137109,1.199018718786325
2018-07-06,1.1583021522901527,1.1988563500269747
2018-07-09,1.1029223762350642,1.1987236011691769
2018-07-10,1.0596572294850821,1.198591573472799
2018-07-11,1.1621693491053702,1.1986193257243936
2018-07-12,1.106208220905992,1.1988010660655921
2018-07-13,1.062467303967515,1.1989425290646754
2018-07-16,1.0951394870061075,1.1990399459567642
2018-07-17,1.0539539952009291,1.1992363320046637
2018-07-18,1.0223915140492903,1.1994082090764595
2018-07-19,1.0930406195562907,1.199486785254427
2018-07-20,1.0522575331162995,1.1995197689075408
2018-07-23,1.0203244072352675,1.1990696843803532
2018-07-24,0.9957015998781964,1.1985718101140208
2018-07-25,0.9760389234041847,1.1971050480221024
2018-07-26,0.9608180139859994,1.1955952810211323
2018-07-27,1.0779074895370198,1.1941357309786857
2018-07-30,1.2260131239101808,1.1928740469974188
2018-07-31,1.1544848669428285,1.1918332702186158
2018-08-01,1.1122937004226896,1.1907984615374678
2018-08-02,1.06493423458916,1.189898830993627
2018-08-03,1.0280006984433425,1.1889572961212695
2018-08-06,0.9991984487578031,1.1877750847698396
2018-08-07,0.9769342905231652,1.1865620691729533
2018-08-08,0.9597829067033858,1.1853558908614745
2018-08-09,0.9854433682358413,1.1840395196107265
2018-08-10,1.4796186738480968,1.1833652927139615
2018-08-13,1.5959478938862635,1.1828633648904678
2018-08-14,1.452524756415532,1.1824232440205158
2018-08-15,1.5025060266102097,1.1820177105272154
2018-08-16,1.3761786570064223,1.181715681541038
2018-08-17,1.273623251986238,1.1813605681585957
2018-08-20,1.1912749405573846,1.1810100422943068
2018-08-21,1.1454492027148127,1.1806700843165292
2018-08-22,1.0897464053622752,1.1803803065114227
2018-08-23,1.0503796113786674,1.1800935539185018
2018-08-24,1.0156505914929603,1.1798373820149963
2018-08-27,0.9939622528044011,1.1794111954700108
2018-08-28,0.9921318501086437,1.1787828502315427
2018-08-29,0.9702057142688864,1.1779284901894511
2018-08-30,1.1939493758112192,1.177397491079372
2018-08-31,1.1271142053935794,1.1767755656878673
2018-09-04,1.0872476976292018,1.1761090663709723
2018-09-05,1.1175098818355031,1.1754963207088316
2018-09-06,1.1306409138183529,1.1749245439601643
2018-09-07,1.082819253615302,1.17435989202629
2018-09-10,1.0395497563849458,1.1738140755673363
2018-09-11,1.0053878654529305,1.1726102575024662
2018-09-12,0.9787708434562198,1.1712142622082435
2018-09-13,0.958189949853368,1.169805722331704
2018-09-14,0.9422093461646409,1.1682850508330576
2018-09-17,1.297599887484582,1.1672259112956669
2018-09-18,1.2076763871170124,1.1661906602267058
2018-09-19,1.1359972411938333,1.1653130120272406
2018-09-20,1.079722247617414,1.1644204189209326
2018-09-21,1.035112376507981,1.1634767844697205
2018-09-24,1.0487833351078764,1.1625887424192616
2018-09-25,1.0190430098872176,1.1616793051440661
2018-09-26,1.0235741849030777,1.1608096433093584
2018-09-27,0.9911077075676488,1.159962466634158
2018-09-28,0.9660366514786071,1.1591236931406415
2018-10-01,0.9464792422446463,1.15795269851579
2018-10-02,0.9318571392654563,1.1567291057114453
2018-10-03,0.9201199443550825,1.1555472885174367
2018-10-04,1.7273295574383019,1.155803720360858
2018-10-05,1.5869171547374488,1.1560071245455195
2018-10-08,1.5005570325715716,1.1562436213878113
2018-10-09,1.377010117609889,1.1564149151580498
2018-10-10,2.930801753786837,1.1586293160454728
2018-10-11,2.6486191798746757,1.1608518665187217
2018-10-12,2.337058612872172,1.1630493695454207
2018-10-15,2.073070331657853,1.165209639506986
2018-10-16,1.8503140057838832,1.167059011361465
2018-10-17,1.6640164662646821,1.1688121046601119
2018-10-18,1.827838428308148,1.1706284466046433
2018-10-19,1.6457440019638534,1.1724321950543666
2018-10-22,1.495031029778312,1.1742221203843846
2018-10-23,1.4242937197081227,1.175984357038817
2018-10-24,1.9429612965779839,1.1783344686463177
2018-10-25,1.7432623898885675,1.1806399891584225
2018-10-26,1.5771788928336572,1.1828859471648143
2018-10-29,1.4492516303251137,1.185103939745371
2018-10-30,1.3361351757962217,1.18735036783588
2018-10-31,1.2450632658624219,1.1897421014656917
2018-11-01,1.1725977929366915,1.1922471958448886
2018-11-02,1.1159627735726672,1.193267549210989
2018-11-05,1.0825721869695342,1.1942774300806325
2018-11-06,1.0440641014803642,1.1952419721545926
2018-11-07,1.0154266413680508,1.1973378470590497
2018-11-08,1.0044560199431332,1.1973230090497717
2018-11-09,1.0205025879438032,1.1973284812448086
2018-11-12,1.5486446099735085,1.1980578483529083
2018-11-13,1.4170873621622628,1.1987888738222423
2018-11-14,1.3791746488389351,1.199316600402079
2018-11-15,1.2794987268457911,1.1999043711896378
2018-11-16,1.1996164036891126,1.2004487161057735
2018-11-19,1.3575663431302354,1.2012262234899802
2018-11-20,1.5002311141954097,1.2022174711756604
2018-11-21,1.3784712793526024,1.2032503131102854
2018-11-23,1.302808104058307,1.2037001952313542
2018-11-26,1.2190008646428436,1.204456459985167
2018-11-27,1.1533679378238326,1.2052088001670083
2018-11-28,1.1009070205971074,1.2059698652951492
2018-11-29,1.0664433655848773,1.20668596909055
2018-11-30,1.0334024191959297,1.2072812149619492
2018-12-03,1.0081732351138866,1.2079681701104545
2018-12-04,1.953372867631779,1.2103803732711464
2018-12-06,1.7621390183524113,1.2127651297757533
2018-12-07,1.7299994682080109,1.2152207947529536
2018-12-10,1.5688723198527024,1.216543197753372
2018-12-11,1.4366370856970108,1.217863130240833
2018-12-12,1.3291894266807873,1.2191329558337762
2018-12-13,1.242069215462649,1.219603943909661
2018-12-14,1.2198626102967498,1.220112030921751
2018-12-17,1.4693847855480198,1.220908905692804
2018-12-18,1.3897213677568607,1.2216647281476207
2018-12-19,1.2911067206083313,1.2222345355945397
2018-12-20,1.4262774021907518,1.2227815111457976
2018-12-21,1.3881781974948317,1.223165597946574
2018-12-24,1.8366791881000886,1.2240209115860725
2018-12-26,1.657839847512419,1.2251368837807473
2018-12-27,1.509958121273567,1.2259312117733197
2018-12-28,1.389247921718798,1.2267646718095528
2018-12-31,1.2919110077710463,1.22777665884313
2019-01-02,1.2142904891334694,1.2289380244747903
2019-01-03,1.3305557575689941,1.2302381037831662
2019-01-04,1.245926503450344,1.2318315339363577
2019-01-07,1.1772073088458124,1.2317152284517716
2019-01-08,1.1231480757228764,1.2316430050952265
2019-01-09,1.0809352117495294,1.231498954932565
2019-01-10,1.0482865619667172,1.2313653251574044
2019-01-11,1.0233064115894126,1.2313581623556975
2019-01-14,1.0608293547974623,1.2314188402001978
2019-01-15,1.0329749754955346,1.2314703065847752
2019-01-16,1.0256859694857876,1.2314930206866785
2019-01-17,1.0058915448496424,1.23125869743121
2019-01-18,0.9907949172255579,1.231005496332165
2019-01-22,1.4934237201812486,1.2315753813713557
2019-01-23,1.3760957946305918,1.231989965868229
2019-01-24,1.281418259585839,1.2323646392200647
2019-01-25,1.205452054625152,1.2323150506262592
2019-01-28,1.2829425271616808,1.232128436487041
2019-01-29,1.2105451515742816,1.2319440441838259
2019-01-30,1.1493371724607189,1.2318611967263196
2019-01-31,1.1013037510151322,1.231678708105324
2019-02-01,1.0638675443869883,1.2313538646546736
2019-02-04,1.0348374828928453,1.2308611668258935
2019-02-05,1.0120742660496809,1.2298040770789467
2019-02-06,0.9945737076758063,1.2287568449453294
2019-02-07,1.0797944804452373,1.2277976966911122
2019-02-08,1.046085864544589,1.2268742576156695
2019-02-11,1.0264023947750707,1.2259459090840836
2019-02-12,1.0047693227801096,1.22491214542105
2019-02-13,0.9933700820942817,1.2238184130008831
2019-02-14,1.012817861216912,1.222754204245481
2019-02-15,0.9939999014084459,1.2219063564774513
2019-02-19,0.9795016447153114,1.2209737147047843
2019-02-20,0.9684661129848582,1.2201605664829527
2019-02-21,0.984990507568474,1.2185548736105403
2019-02-22,0.9716059942178207,1.2170520449019424
2019-02-25,1.179505097911832,1.2158484445028501
2019-02-26,1.1317417514609946,1.214526011248833
2019-02-27,1.0835726740740557,1.2130861222518374
2019-02-28,1.0467234477167309,1.2116495136795953
2019-03-01,1.0174502012383702,1.2102895950969752
2019-03-04,1.1335988179245777,1.2090104813441445
2019-03-05,1.0855777300589764,1.2077191627195456
2019-03-06,1.149236748455252,1.2065331955648797
2019-03-07,1.1601811065519039,1.205417769903862
2019-03-08,1.1045855132129878,1.2043289318122354
2019-03-11,1.0612432049252423,1.2034548067958348
2019-03-12,1.0275745637178841,1.2025830848635781
2019-03-13,1.0015838297416746,1.2017296035298457
2019-03-14,0.9827560246571883,1.2008436184616214
2019-03-15,0.9671612151032526,1.200029534636544
2019-03-18,0.9629958504583496,1.1991856887071328
2019-03-19,0.9838617341882953,1.1981543907193264
2019-03-20,0.9847173604644127,1.1971496748527313
2019-03-21,0.9677243739825923,1.1960389826422884
2019-03-22,1.673048116462883,1.1961439043860902
2019-03-25,1.5179489635689338,1.1960894431437812
2019-03-26,1.3906786487179559,1.1958773682949269
2019-03-27,1.3074560199104213,1.1956722109340838
2019-03-28,1.2205833638060122,1.1954871492408439
2019-03-29,1.151472394805885,1.195359085798071
2019-04-01,1.096812817211761,1.1950234206909922
2019-04-02,1.0539461048839263,1.1945087760246889
2019-04-03,1.040652754765008,1.1940181807661054
2019-04-04,1.0102976313938383,1.1934134690039324
2019-04-05,0.9869613183909489,1.1928475342641238
2019-04-08,0.9895380558624313,1.192283127449181
2019-04-09,1.1305607847435715,1.1915868126158498
2019-04-10,1.0795769504764354,1.1909749418018836
2019-04-11,1.0397956549245626,1.1903568288542727
2019-04-12,1.0091470973054424,1.1899344099571203
2019-04-15,1.0026005385994963,1.189459830343169
2019-04-16,0.98044101505394,1.1889817761429315
2019-04-17,0.9941612545256429,1.1885025755125649
2019-04-18,0.9738599796685354,1.1880594530578004
2019-04-22,0.9779289544747103,1.1876293209583537
2019-04-23,0.9603532787469412,1.1859517494400857
2019-04-24,1.0656351514472484,1.1844395738069546
2019-04-25,1.0287343738788939,1.1827749490076294
2019-04-26,0.9982877100315319,1.1811488356680542
2019-04-29,0.9975651136642661,1.1795119346577212
2019-04-30,0.9738109426372247,1.1778242992908579
2019-05-01,1.2927793175944609,1.1766183731354871
2019-05-02,1.2050291764102645,1.1754306121587952
2019-05-03,1.1352831629157547,1.1745080536122348
2019-05-06,1.703441211195737,1.174402271796168
2019-05-07,2.237106819085758,1.174740075080441
2019-05-08,1.9867680690005063,1.175050223607485
2019-05-09,1.7762481921173066,1.17514608283396
2019-05-10,1.6012594917751464,1.1754191422637288
2019-05-13,2.3111838784484457,1.1764378113610596
2019-05-14,2.05013906845365,1.1773531857518371
2019-05-15,1.8308125736950793,1.1783088050252362
2019-05-16,1.6478924358100562,1.1793040371337664
2019-05-17,1.5284125882758226,1.180275798277674
2019-05-20,1.4073223511335278,1.1811919319060726
2019-05-21,1.30020796028943,1.1821996582642036
2019-05-22,1.2140331264014175,1.1832001369168277
2019-05-23,1.5165691794309946,1.1844428715645174
2019-05-24,1.3898250853974394,1.1857348860516839
2019-05-28,1.473342058043549,1.1871325924259681
2019-05-29,1.3648505456642497,1.1885007732433328
2019-05-30,1.2672881219359708,1.1898798762900398
2019-05-31,1.3171884739854052,1.190890725465607
2019-06-03,1.2302509061163094,1.1918835916313304
2019-06-04,1.1596191633463118,1.1928285207857834
2019-06-05,1.1032910876101556,1.1930321605053236
2019-06-06,1.0588034945163338,1.192696263094674
2019-06-07,1.0376541793873333,1.1923771785806705
2019-06-10,1.0079569990827981,1.192072806501348
2019-06-11,0.9851589638225905,1.1914677419049162
2019-06-12,0.966814091746702,1.1901157826026845
2019-06-13,0.9525868779276776,1.1886727186235915
2019-06-14,0.9415590687790119,1.1872124055955615
2019-06-17,0.9335294510619363,1.1857095951370218
2019-06-18,0.926619242191743,1.1841979614912366
2019-06-19,0.9212360023359921,1.1828020071000895
2019-06-20,0.9403107656514414,1.1813214245073185
2019-06-21,0.98169065596042,1.1799110678351992
2019-06-24,0.9616764549472967,1.1780993048126291
2019-06-25,1.055304998566765,1.1763794387866526
2019-06-26,1.017410571991465,1.174502904210969
2019-06-27,0.9879322405914285,1.1726443194762852
2019-06-28,0.9651105470359341,1.1708474623109537
2019-07-01,0.9474655835438036,1.1690996843725516
2019-07-02,0.9339829805729867,1.16760507193143
2019-07-03,0.923362825762441,1.165903335615779
2019-07-05,0.9974142910546249,1.1642505194329955
2019-07-08,1.0358356626415215,1.1626808607696268
2019-07-09,1.0024988638397552,1.161104847978855
2019-07-10,0.9745013740369995,1.1597111916335032
2019-07-11,0.9528562766755541,1.1583253221785321
2019-07-12,0.9361996902370775,1.1570074917648545
2019-07-15,0.9383664508069329,1.1557134523747659
2019-07-16,0.9303222796429202,1.154388165220001
2019-07-17,1.0962001149425227,1.1533152803982092
2019-07-18,1.0460140744751,1.1522675314353
2019-07-19,1.1133606208232802,1.1512291170744424
2019-07-22,1.059185303901069,1.1502719226339484
2019-07-23,1.0168111152028187,1.1493877100439174
2019-07-24,0.983916673301149,1.1485624963405345
2019-07-25,1.034914431245405,1.1476870671049666
2019-07-26,0.9976174036172385,1.1468782080064126
2019-07-29,1.0434543574109987,1.1461441951168274
2019-07-30,1.1696182915806335,1.1455334600089166
2019-07-31,1.523369338013602,1.1452333613722576
2019-08-01,1.5757436644327656,1.144824229303346
2019-08-02,1.43134980630173,1.144390508524079
2019-08-05,2.751515676858847,1.145527190423693
2019-08-06,2.421438027288743,1.14673680502546
2019-08-07,2.1414057999361074,1.1479420717091957
2019-08-08,1.905041479863365,1.1490825871102563
2019-08-09,1.7628267526901218,1.1502454138139393
2019-08-12,1.96678810246554,1.1515934126244385
2019-08-13,1.7595329152931467,1.153189635749472
2019-08-14,2.31330908440701,1.1553095585166773
2019-08-15,2.051854907151088,1.1571780191483072
2019-08-16,1.8319532854306084,1.159145650899834
2019-08-19,1.6481248617747384,1.161052324402307
2019-08-20,1.5183498332070906,1.1628528316171398
2019-08-21,1.3891796255344375,1.1646468769545557
2019-08-22,1.3427907372334678,1.1664194751460557
2019-08-23,1.7786364215319554,1.1686219268865359
2019-08-26,1.605078390609007,1.170754264566224
2019-08-27,1.5058353495651509,1.1728139699031557
2019-08-28,1.3802883220544901,1.1747002817740362
2019-08-29,1.277998845069901,1.1762118023553412
2019-08-30,1.2715582865130486,1.1776445643741578
2019-09-03,1.217858888377467,1.1790894775206842
2019-09-04,1.147049142800778,1.1792343736509718
2019-09-05,1.0911164887398594,1.1793189950136478
2019-09-06,1.047549019378091,1.1795738908605937
2019-09-09,1.0218857333381264,1.17970388148891
2019-09-10,0.9939400686158094,1.1798029937239523
2019-09-11,0.9723915507654312,1.1797021725842503
2019-09-12,0.9557645567816375,1.1793564957212896
2019-09-13,0.9427060156803923,1.1785227583716829
2019-09-16,1.046040936101451,1.177836494595069
2019-09-17,1.0114311602872437,1.1770241611793701
2019-09-18,0.9846495417152237,1.1761782722019651
2019-09-19,0.9654084275579947,1.1753233053079482
2019-09-20,1.136842548464826,1.1745869009996666
2019-09-23,1.0815726383373427,1.1738247024151434
2019-09-24,1.4203753503915786,1.1730219435287645
2019-09-25,1.3077480858330475,1.172283878589141
2019-09-26,1.2178343680484633,1.171519751434008
2019-09-27,1.2492815103090256,1.1708285220304466
2019-09-30,1.1699219358572606,1.1701059798155038
2019-10-01,1.4689822190891215,1.1697293533121242
2019-10-02,1.537163934003137,1.1694835167713995
2019-10-03,1.4026337326615244,1.1689647419832645
2019-10-04,1.293206628501416,1.1685643499610965
2019-10-07,1.2518519545058033,1.1680293095637626
2019-10-08,1.4892671056596933,1.1678128942600352
2019-10-09,1.3637823800005628,1.1676981973095617
2019-10-10,1.2619493920122153,1.1675923381043574
2019-10-11,1.180429301567866,1.1677483718678439
2019-10-14,1.115720335926526,1.1679636124468946
2019-10-15,1.064820289062901,1.1681588590598455
2019-10-16,1.0278637808581446,1.1683485729866752
2019-10-17,0.998268398778605,1.168501810011435
2019-10-18,1.0024053491477387,1.1686865088636902
2019-10-21,0.9768984348436638,1.1686235441749409
2019-10-22,0.9855381088522148,1.1685772888431472
2019-10-23,0.9636120484925456,1.168073752808443
2019-10-24,0.94678378313108,1.1675199253117696
2019-10-25,0.9341085697069694,1.1671960092460905
2019-10-28,0.9598167762651371,1.1668174715867088
2019-10-29,0.9450535984800016,1.166372700297808
2019-10-30,0.9322910747186203,1.1656810129705297
2019-10-31,1.0511158870457624,1.1650148720080789
2019-11-01,1.0133305304785798,1.1644295083859735
2019-11-04,1.0301108697611145,1.1636878344298354
2019-11-05,1.008017249852402,1.1629206593744907
2019-11-06,0.9793490695354747,1.1618735473363702
2019-11-07,0.9591985341940427,1.1607320310907252
2019-11-08,0.9416353434318404,1.1596327453120665
2019-11-11,0.9960182889887114,1.1583388105386092
2019-11-12,0.969043726567589,1.1569480299477588
2019-11-13,0.9650365195162306,1.1554462047191985
2019-11-14,0.9451838487828704,1.1539484303901972
2019-11-15,0.9296085240573045,1.1526770822741295
2019-11-18,0.9488986247223673,1.1514171337964363
2019-11-19,0.9595380388499457,1.1501874647204255
2019-11-20,0.9398259689963883,1.1489293920863892
2019-11-21,0.9450010666660648,1.1476696109943838
2019-11-22,0.9284148620094359,1.146532965073399
2019-11-25,0.9155036646567833,1.1452235694396096
2019-11-26,0.9055045267694689,1.1439023210047263
2019-11-27,0.907143887153521,1.142597409414182
2019-11-29,1.0363402279174536,1.1413223593709185
2019-12-02,1.5646450805214582,1.1406720387561011
2019-12-03,1.5040423930195583,1.1399319295466726
2019-12-04,1.3716188450148967,1.139217220726583
2019-12-05,1.263722102362699,1.1384988537543637
2019-12-06,1.176739160561932,1.1378189029893993
2019-12-09,1.561849096423851,1.137654666408045
2019-12-10,1.4192909130971,1.1373943643257602
2019-12-11,1.3026211421591467,1.1370760502270725
2019-12-12,1.2082579012777033,1.136854850893464
2019-12-13,1.132835958115737,1.1368187190577046
2019-12-16,1.0730786886337833,1.1368197165777871
2019-12-17,1.0298099261514233,1.136599575928128
2019-12-18,1.0064811056348748,1.136355442632278
2019-12-19,0.9741474241612508,1.136078872261957
2019-12-20,0.9492576088712694,1.1358025673505057
2019-12-23,0.9319336671673579,1.135503780707048
2019-12-24,0.9174616853035336,1.1350722708268404
2019-12-26,0.905736875698456,1.1345884029021274
2019-12-27,0.9957448769639742,1.1342110914640184
2019-12-30,1.1998801140113957,1.1341233266272237
2019-12-31,1.1256238430310546,1.1339557769154847
2020-01-02,1.0662530093744167,1.1332267363594983
2020-01-03,1.32571131699175,1.1328123781103383
2020-01-06,1.2259885611211876,1.1323246513257583
2020-01-07,1.1458468955318595,1.1318339312814403
2020-01-08,1.0820391083505252,1.1312808510710326
2020-01-09,1.0314121116217319,1.1303407627790834
2020-01-10,0.9918872193954311,1.1294035735732377
2020-01-13,0.9611085724308154,1.1284512023122666
2020-01-14,0.9381459438701423,1.1274080627705305
2020-01-15,0.9195521583901589,1.1261631427106822
2020-01-16,0.9050209942316255,1.1248881704418445
2020-01-17,0.8938083821491047,1.1236270021675343
2020-01-21,0.9860953726693985,1.122492950534657
2020-01-22,0.9558780570763198,1.1213635949146914
2020-01-23,0.932728320573574,1.120240186745682
2020-01-24,1.2350925163727613,1.1195793084904704
2020-01-27,1.992931137796788,1.119922959850364
2020-01-28,1.7766411342755746,1.1203619915009613
2020-01-29,1.596513075424063,1.1206633535544919
2020-01-30,1.4461975508207723,1.1206975327892892
2020-01-31,1.9384886690409104,1.1211723364407455
2020-02-03,1.730848485570011,1.1214184268148977
2020-02-04,1.55739876974396,1.1214186515302837
2020-02-05,1.4140737703528765,1.121457863675671
2020-02-06,1.2967189672400108,1.1214988720457992
2020-02-07,1.2258229806950105,1.1215452714892966
2020-02-10,1.1445599433843558,1.121478199520615
2020-02-11,1.0819535165615943,1.121413370706806
2020-02-12,1.0307609014703654,1.1215943651784277
2020-02-13,1.0134036412012737,1.12179790693333
2020-02-14,0.9774274950092207,1.1220338657990676
2020-02-18,1.1150184715958746,1.122472633073965
2020-02-19,1.057180845456443,1.1229199811206496
2020-02-20,1.1616727973056784,1.1233958643327828
2020-02-21,1.2855713189084454,1.1240635782730442
2020-02-24,3.019208704279981,1.1274053805087147
2020-02-25,2.7629515956672135,1.1303019702716615
2020-02-26,2.4315808191380355,1.1321849919514038
2020-02-27,3.3330312689802355,1.1345955103031211
2020-02-28,2.9251075672528697,1.1369887281763176
2020-03-02,2.571506624529675,1.1394457020850093
2020-03-03,2.3755579134173934,1.1413825248355611
2020-03-04,2.1036484307031915,1.1433956323163037
2020-03-05,2.4323781696109674,1.145586365142323
2020-03-06,2.191486016382491,1.1477371284401319
2020-03-09,2.7177074014691134,1.1503092749343542
2020-03-10,2.395942895813671,1.1529251909816178
2020-03-11,2.3245798071909682,1.1555975545145463
2020-03-12,3.1968129504242193,1.1588999611700745
2020-03-13,2.8067849294165734,1.1621431116691268
2020-03-16,3.585442717433929,1.1658437871344514
2020-03-17,3.141168018428814,1.1694978460860883
2020-03-18,2.76069786829345,1.172922687989281
2020-03-19,2.4356554928807155,1.1763114230508858
2020-03-20,2.159493273895522,1.1795508178963718
2020-03-23,1.9262006437544352,1.182610989294451
2020-03-24,1.7270559921438564,1.1830991792745018
2020-03-25,1.5836055304273222,1.1835622569176496
2020-03-26,1.4436242017921423,1.1840505867571707
2020-03-27,1.4266534239260775,1.1840047212743705
2020-03-30,1.3154139652596062,1.1842577574160111
2020-03-31,1.225708058225938,1.184470317061597
2020-04-01,1.242713925245871,1.184726125313357
2020-04-02,1.1679193807793413,1.1851457226856115
2020-04-03,1.108652490187976,1.1854211555392455
2020-04-06,1.0622615271203228,1.1857085324817394
2020-04-07,1.0513238454443998,1.1855964169986346
2020-04-08,1.01752821680777,1.1855644276039998
2020-04-09,0.9914937276654855,1.1854907743209138
2020-04-13,0.9710622142787763,1.184784086658831
2020-04-14,0.9554394046720074,1.18412209505608
2020-04-15,1.1003640452141281,1.1831786255675854
2020-04-16,1.0543244149691309,1.1822305663448227
2020-04-17,1.0185371745793081,1.1813589683072627
2020-04-20,1.4105820968663967,1.1810697862531239
2020-04-21,1.3263310446491101,1.1807623926938053
2020-04-22,1.2335088147232673,1.1805352904509039
2020-04-23,1.1593356442376814,1.180313695591134
2020-04-24,1.1010911569892838,1.1805523673264138
2020-04-27,1.055620875125156,1.1809143389763714
2020-04-28,1.022104323442573,1.1811969454752242
2020-04-29,0.9944065928984985,1.1813363568433846
2020-04-30,1.1685588508928424,1.1816569299081692
2020-05-01,1.268801856871277,1.18205906959001
2020-05-04,1.1880365448924541,1.1822108492143018
2020-05-05,1.1238742367364776,1.1822990941381966
2020-05-06,1.0789440671323052,1.1823627159209646
2020-05-07,1.0385684917231024,1.182580730436616
2020-05-08,1.0075852896901583,1.183039218284838
2020-05-11,0.9838322783889538,1.1834533450880098
2020-05-12,1.6284831224179144,1.1849415783067112
2020-05-13,1.5558766236434045,1.1862180726999567
2020-05-14,1.4220091392111374,1.1873532330355614
2020-05-15,1.313067381363196,1.1884803119951126
2020-05-18,1.2254349970520673,1.1896619284485825
2020-05-19,1.1928503862597355,1.1902837896905092
2020-05-20,1.1295888650301047,1.191052487508422
2020-05-21,1.147381711550258,1.191777766196366
2020-05-22,1.0940393649224875,1.1925495159531112
2020-05-26,1.0520909580449782,1.192849118706972
2020-05-27,1.0195413027435425,1.1930010041906922
2020-05-28,1.0254387763294306,1.1931870850792847
2020-05-29,0.9990404316142565,1.1932596297537263
2020-06-01,0.9963467649367864,1.1930979557437855
2020-06-02,0.9765244513067761,1.1928516538111518
2020-06-03,0.9614504168182569,1.1926530543288774
2020-06-04,0.9508550615104281,1.1923534023099025
2020-06-05,0.9419389088470653,1.1921433051441424
2020-06-08,1.0059184758219724,1.1918476479819053
2020-06-09,1.0928578937812545,1.1912924980876862
2020-06-10,1.0502029003959188,1.1907332799581947
2020-06-11,3.0172031950135545,1.1935737279280239
2020-06-12,2.654391930367481,1.1963933199412307
2020-06-15,2.3455465034827174,1.1991200173460537
2020-06-16,2.0841312434681267,1.2018203992277716
2020-06-17,1.8640782387013695,1.2043680600215203
2020-06-18,1.6803899547426486,1.2068630493970722
2020-06-19,1.5972863237378576,1.209218481499518
2020-06-22,1.4602819056606844,1.2116136364369625
2020-06-23,1.3486758038906164,1.2139389885822103
2020-06-24,1.3735133898146026,1.2163497095819114
2020-06-25,1.279269749505553,1.2187786132025784
2020-06-26,1.3212017302440986,1.2212660348998494
2020-06-29,1.23812236713501,1.2238390041177802
2020-06-30,1.172341057883754,1.2264118150115808
2020-07-01,1.1208740339574292,1.2289751388860557
2020-07-02,1.0810439621032994,1.2314821752668612
2020-07-06,1.0527828323068342,1.233971558829457
2020-07-07,1.0959644574528864,1.2364328999181475
2020-07-08,1.062917976139269,1.2388450072547412
2020-07-09,1.0797958807107944,1.2411561916213447
2020-07-10,1.051280219541869,1.243589837526827
2020-07-13,1.5743097687558192,1.2425506750229545
2020-07-14,1.4416909571749417,1.2415670694730914
2020-07-15,1.3341550674490577,1.240638949896383
2020-07-16,1.2493461585965677,1.2397142009350381
2020-07-17,1.180510421809143,1.2389542364429769
2020-07-20,1.1263472892496347,1.2382526220444678
2020-07-21,1.0897335711080944,1.2375145671869887
2020-07-22,1.055508550415391,1.2366668540880361
2020-07-23,1.1464298774892427,1.2359675092816962
2020-07-24,1.0991812334642546,1.2351719847859246
2020-07-27,1.0624408576480857,1.2343913609548633
2020-07-28,1.053449254591791,1.2335256689668035
2020-07-29,1.026884478410303,1.232604681152883
2020-07-30,1.0251982832603652,1.2316708310258873
2020-07-31,1.0049152800112058,1.2306556983982158
2020-08-03,0.989311633409817,1.2296177991554937
2020-08-04,0.9773331284674639,1.2285983037592068
2020-08-05,0.9680797611767328,1.2275396759371977
2020-08-06,0.960881089417416,1.2264320543756184
2020-08-07,0.955240778024054,1.225292685034886
2020-08-10,0.9506886114811727,1.224017411640864
2020-08-11,1.1179309263098502,1.222152988786592
2020-08-12,1.0738080834115564,1.2203440547648847
2020-08-13,1.03936756732159,1.2184817667901313
2020-08-14,1.0126292450843004,1.216625845525238
2020-08-17,0.9918079491514473,1.2146470746681934
2020-08-18,0.977097043286899,1.2126197722287064
2020-08-19,1.021608267390197,1.2106692149385812
2020-08-20,0.9992269471946802,1.2087154057097147
2020-08-21,0.9800762256069677,1.2066213324817359
2020-08-24,0.9651878324968669,1.2045350206615
2020-08-25,0.9535296387632636,1.2024112424624114
2020-08-26,1.023835734871566,1.2003792300768954
2020-08-27,1.061357297049396,1.1983429308841438
2020-08-28,1.0258564636439154,1.1964075375890943
2020-08-31,1.421330424637424,1.1950777196483917
2020-09-01,1.3108659748425848,1.193753914339132
2020-09-02,1.2280743365122488,1.1924250467010495
2020-09-03,2.0541337152191432,1.1922411719111197
2020-09-04,1.8339069442040947,1.1921101173968789
2020-09-08,1.6585921017537735,1.1919705919191128
2020-09-09,1.5055670652614583,1.1919219655665383
2020-09-10,1.397770294433245,1.191632174792205
2020-09-11,1.2925040487364055,1.1913552165496233
2020-09-14,1.2079328093896613,1.1911073906243719
2020-09-15,1.1406707132209541,1.1908625814929277
2020-09-16,1.0949555004656584,1.190592640662624
2020-09-17,1.058317020556695,1.190329095670605
2020-09-18,1.0234993385439972,1.1900070470379576
2020-09-21,1.1271864193646053,1.1898473666819624
2020-09-22,1.0770874059239577,1.1897150953064353
2020-09-23,1.131049494938219,1.1896884062644302
2020-09-24,1.0801698033179783,1.1896536672494227
2020-09-25,1.0405899134625514,1.189676862009176
2020-09-28,1.009950737412474,1.1896226342836622
2020-09-29,0.9865857854236498,1.1894515677403599
2020-09-30,0.9683855761007597,1.1886761106373762
2020-10-01,0.9582731844312455,1.1879077842997747
2020-10-02,0.9781085461235886,1.187178761602481
2020-10-05,0.9640413621831794,1.1852744644174191
2020-10-06,1.0233176163831053,1.1834139512444495
2020-10-07,0.9941134723963859,1.1816303787564029
2020-10-08,0.9715040586636785,1.1798888557826115
2020-10-09,0.9540663750494511,1.1782357675779496
2020-10-12,0.9406450318797203,1.1764213173859102
2020-10-13,0.9719297567211327,1.174639892052028
2020-10-14,0.9576403938848861,1.1728687599215866
2020-10-15,0.9547173717912543,1.171113024434448
2020-10-16,0.946880262757652,1.1693665054207771
2020-10-19,1.0371276565592107,1.1677482639678811
2020-10-20,1.0028469534280893,1.1659718504320764
2020-10-21,0.9753139248467644,1.1641916440174271
2020-10-22,0.9538950697010653,1.1623212327063461
2020-10-23,0.937299021657443,1.1604722366347244
2020-10-26,1.5033038255788485,1.1594211745521987
2020-10-27,1.3869204216536721,1.1583835168026175
2020-10-28,1.8704529184130778,1.1579308269495203
2020-10-29,1.676744094965001,1.1575226995614383
2020-10-30,1.5182856845798158,1.1571126859558667
2020-11-02,1.385740430239372,1.1566702831835871
2020-11-03,1.2778522308936977,1.1562561532809241
2020-11-04,1.191477048037435,1.1563943220199588
2020-11-05,1.1226636700276713,1.1565623251688602
2020-11-06,1.0685127589317782,1.1568676536233522
2020-11-09,1.0572443691029998,1.1571085480627996
2020-11-10,1.0174875999244413,1.1573871694467672
2020-11-11,0.9868116841626876,1.1577029463554112
2020-11-12,1.1162346204987552,1.1582065308052791
2020-11-13,1.064097285026139,1.1589078979798177
2020-11-16,1.023497245721746,1.1596181854386383
2020-11-17,0.9955446730307987,1.1601891432003664
2020-11-18,1.032348185449076,1.1608301581196105
2020-11-19,0.9991613743535125,1.161477328233315
2020-11-20,0.9906631597066684,1.162128583247138
2020-11-23,0.9673640369581661,1.162826176175958
2020-11-24,0.9489660773705244,1.1626329601383232
2020-11-25,0.934958112430712,1.1624422050149417
2020-11-27,0.9238757643752757,1.1616878737423404
2020-11-30,0.9153521224097314,1.160900926005316
2020-12-01,0.9114826690617875,1.1601199610385127
2020-12-02,0.9161801373092522,1.15934890347988
2020-12-03,0.9098810383780948,1.1585518840345477
2020-12-04,0.9037386746178345,1.1571309796215812
2020-12-07,0.9156851795240546,1.1556317908399718
2020-12-08,0.907297772509114,1.1539037706845403
2020-12-09,1.0476910613343993,1.1523567572587927
2020-12-10,1.0108608153450207,1.1507801823111137
2020-12-11,1.0100635128545135,1.1491511179997174
2020-12-14,1.0659203065895688,1.1474372767171197
2020-12-15,1.0207854152563114,1.145672591973815
2020-12-16,0.9855196984332681,1.1439011093621685
2020-12-17,0.9581194643675705,1.142153686681438
2020-12-18,0.936826385196318,1.1403465736345246
2020-12-21,1.4441636680099663,1.1393508204236305
2020-12-22,1.3223436467121548,1.138360283917179
2020-12-23,1.2234631616848952,1.1373348741685538
2020-12-24,1.1440977091140423,1.1363710767174602
2020-12-28,1.082465219764589,1.135401467323343
2020-12-29,1.1245042427665624,1.1345221020323932
2020-12-30,1.0653223624800148,1.1336449444160195
2020-12-31,1.0188032332104173,1.1327683311251247
2021-01-04,1.5751312745292056,1.1327360734080998
2021-01-05,1.4299713157962297,1.1327508675785687
2021-01-06,1.3110742496136518,1.1327463069902282
2021-01-07,1.2149165452820208,1.1329499582947167
2021-01-08,1.1377959799542272,1.1331474573064177
2021-01-11,1.3411259269733027,1.1334212967824453
2021-01-12,1.2393663526173366,1.1337069621379239
2021-01-13,1.1575428372202905,1.13400244444181
2021-01-14,1.1414372781716917,1.1342377528543124
2021-01-15,1.1292858681485394,1.1343578324320769
2021-01-19,1.0700420421646992,1.1345198808306536
2021-01-20,1.0236801668490016,1.1348067130573383
2021-01-21,0.9876554419431911,1.1350870345484527
2021-01-22,0.9792969621110851,1.134553087343206
2021-01-25,1.0374210119329568,1.13410388413055
2021-01-26,0.9975320205386894,1.1336321625642067
2021-01-27,3.625588161940074,1.1401126365407936
2021-01-28,3.1823562214183383,1.1466205492664083
2021-01-29,2.8785188691408643,1.152983111758364
2021-02-01,2.5412325513419667,1.159301734666174
2021-02-02,2.2538620454677347,1.1656876065224335
2021-02-03,2.008872400128988,1.1712519148330132
2021-02-04,1.8026054143932888,1.176733378467697
2021-02-05,1.6304217000518608,1.1821749312178802
2021-02-08,1.4932389386832907,1.1873446374157757
2021-02-09,1.381877870146273,1.192441424976506
2021-02-10,1.2907968329679154,1.197219348323439
2021-02-11,1.212466603251405,1.2019585716654297
2021-02-12,1.1506981706772632,1.2066925474204273
2021-02-16,1.2202183935673154,1.2114640844862055
2021-02-17,1.1583336980335157,1.2161444831926838
2021-02-18,1.1572135153030316,1.220782786575892
2021-02-19,1.1098249807965217,1.2252513456430074
2021-02-22,1.1628616082750347,1.2297765162825318
2021-02-23,1.11571344708218,1.2342437522628988
2021-02-24,1.0796642478104015,1.2387453297591076
2021-02-25,2.442594178327624,1.245826583437679
2021-02-26,2.166224780580261,1.2463954540995406
2021-03-01,1.9342317544699756,1.2470998628818784
2021-03-02,1.755671768867974,1.2477856979465665
2021-03-03,1.7537336970019135,1.2485512868921325
2021-03-04,1.6675647273794203,1.249236930289847
2021-03-05,1.5209581296012065,1.250111900591303
2021-03-08,1.420791866530774,1.250977395479231
2021-03-09,1.3205897091829848,1.2518778215145436
2021-03-10,1.240556175269786,1.2528463928191678
2021-03-11,1.177289828377023,1.253823059287075
2021-03-12,1.1278639545618967,1.2548692537471782
2021-03-15,1.089596547351358,1.2559151786645466
2021-03-16,1.0601750591293873,1.256877029784537
2021-03-17,1.037707363373702,1.257735364852241
2021-03-18,1.318797038213235,1.259007409033005
2021-03-19,1.2404630345157408,1.2602403770709778
2021-03-22,1.1788370421733447,1.2616951596958752
2021-03-23,1.2467166815279245,1.263170411306408
2021-03-24,1.2252181291508872,1.2646718388578122
2021-03-25,1.1675290985667124,1.2661019248070038
2021-03-26,1.1204031524411202,1.2650057565086414
2021-03-29,1.283171536467358,1.26415475002074
2021-03-30,1.2108218828547823,1.263144077292848
2021-03-31,1.153749796099657,1.2621319962666346
2021-04-01,1.1092987514641852,1.2613400873673999
2021-04-05,1.1008058411908979,1.260530588284156
2021-04-06,1.071212214269423,1.2594681877681548
2021-04-07,1.0450850568255199,1.2584835874972704
2021-04-08,1.024947038631753,1.25745202373689
2021-04-09,1.0094239941669705,1.2563560307492458
2021-04-12,1.0019570110538676,1.2552521547482005
2021-04-13,0.9915877631354676,1.254081399271993
2021-04-14,0.9943404487397663,1.2529021079078764
2021-04-15,0.9854188185741127,1.251745461345876
2021-04-16,0.9784877188805183,1.2505825058747624
2021-04-19,1.0710911725898968,1.2491385863866347
2021-04-20,1.1830867187150738,1.2478597132690838
2021-04-21,1.1291851114852693,1.2464472118786258
2021-04-22,1.1894864185857694,1.2450284526869255
2021-04-23,1.1338075392234788,1.2437137452002371
2021-04-26,1.0976493866440231,1.2423066722834584
2021-04-27,1.0619200986891624,1.240844491465389
2021-04-28,1.0340319820972657,1.2391454151954888
2021-04-29,1.0215833534274137,1.2373982867290547
2021-04-30,1.0791433936229236,1.2357535094022596
2021-05-03,1.0461034499512942,1.2337895865989468
2021-05-04,1.1142413077964755,1.2319199064874307
2021-05-05,1.0725820080534636,1.2300617252804835
2021-05-06,1.0401155147386274,1.2281683141980175
2021-05-07,1.0151625525008299,1.2265667352410956
2021-05-10,1.5473535975981703,1.2258274005748118
2021-05-11,1.608913285419696,1.2252389024186263
2021-05-12,2.2394643734607613,1.2253437917580519
2021-05-13,1.9930367181765618,1.2256388734043973
2021-05-14,1.787337763266921,1.2262665338334893
2021-05-17,1.6523441167020871,1.2268999323498229
2021-05-18,1.6101126047578163,1.2274667962922663
2021-05-19,1.4969292247798494,1.2278703514622382
2021-05-20,1.378398152929697,1.2282409470458147
2021-05-21,1.282611117993291,1.228500974358588
2021-05-24,1.2061377533267086,1.2287845311526346
2021-05-25,1.1583909132930903,1.229070892991938
2021-05-26,1.1084717695999298,1.2295205504585924
2021-05-27,1.0697353710147197,1.2299956536508574
2021-05-28,1.0399440869585248,1.2304566469404763
2021-06-01,1.1230816604325795,1.2309497114017292
2021-06-02,1.0813290156099578,1.231447080470777
2021-06-03,1.07355812138887,1.2318528093891739
2021-06-04,1.0433364960548444,1.232503783361333
2021-06-07,1.0202282038838173,1.2331036306815417
2021-06-08,1.0411092392251642,1.2334607022520012
2021-06-09,1.072874947046486,1.2330256639664885
2021-06-10,1.0422445586329534,1.2327624004649071
2021-06-11,1.0181741540620641,1.2318307156423727
2021-06-14,1.0538377863789095,1.2307678042587886
2021-06-15,1.0618634997022922,1.2293972620760143
2021-06-16,1.1319513717470375,1.228131688378734
2021-06-17,1.0861347098771865,1.2268089386697505
2021-06-18,1.52956884513251,1.2261377801862237
2021-06-21,1.4037710710796116,1.2256976756117308
2021-06-22,1.3019930322394202,1.225333920202979
2021-06-23,1.2202826197238081,1.2248132886281076
2021-06-24,1.155458527165731,1.2242930531535332
2021-06-25,1.104379255509628,1.22362123551367
2021-06-28,1.0664814091206654,1.2229189637911417
2021-06-29,1.0419168872803628,1.2222280409154425
2021-06-30,1.0161174400629092,1.221410672951567
2021-07-01,0.9962912465740127,1.2205984351948023
2021-07-02,0.981089151912302,1.219785449987005
2021-07-06,1.1555362755015526,1.2189775043043247
2021-07-07,1.1034454803024933,1.2181789523711204
2021-07-08,1.5683435337960876,1.2180226549617212
2021-07-09,1.434978594962308,1.2181440949247344
2021-07-12,1.3262801242573152,1.217939274348274
2021-07-13,1.305882598092187,1.2177715647854486
2021-07-14,1.2225795287015073,1.2175784787848378
2021-07-15,1.1934653074136674,1.2173800836222024
2021-07-16,1.2767474002323247,1.2172122970131383
2021-07-19,1.8713728757251986,1.2178268152738303
2021-07-20,1.684562055847157,1.2179307911371648
2021-07-21,1.5299531639890156,1.2178395411547451
2021-07-22,1.4033084707219579,1.217664988410195
2021-07-23,1.3007013200577604,1.2174962061542534
2021-07-26,1.2286344029042977,1.217327193485794
2021-07-27,1.3547460706715484,1.2173494469543247
2021-07-28,1.2618756040117425,1.217425209201781
2021-07-29,1.1877937548244644,1.2175163867480387
2021-07-30,1.1500383610993157,1.2176238039723106
2021-08-02,1.1953738427789025,1.2178188485977708
2021-08-03,1.135501228533021,1.2181209250316654
2021-08-04,1.0884258817209373,1.2181620926625487
2021-08-05,1.0519253148394139,1.2182402866429924
2021-08-06,1.0233588637423336,1.2177670121989674
2021-08-09,1.0320763401996966,1.2169883729929387
2021-08-10,1.0081382405206143,1.2162141045062749
2021-08-11,0.989305520049292,1.2154464957372662
2021-08-12,0.9748682495599085,1.2146690660422699
2021-08-13,0.9637867253702969,1.2138615555325905
2021-08-16,1.0032706554066058,1.2129686426284894
2021-08-17,1.244177959939815,1.2116432742354493
2021-08-18,1.7831920255541747,1.2108925385846592
2021-08-19,1.6098089451857323,1.2100364837474944
2021-08-20,1.4670836785950556,1.2094853070624711
2021-08-23,1.3507993633400925,1.2090185060618386
2021-08-24,1.2572857765838281,1.2085450608065882
2021-08-25,1.1820568311210762,1.207883052286106
2021-08-26,1.397938942872685,1.2074782432822548
2021-08-27,1.2950232430346569,1.2073756631637065
2021-08-30,1.2124443640843898,1.2072554361028986
2021-08-31,1.1539524704250173,1.2070375984201984
2021-09-01,1.1006612666937998,1.206700169884798
2021-09-02,1.0674502349055903,1.206373300433991
2021-09-03,1.0332996293428156,1.206005179093357
2021-09-07,1.2407794002158483,1.2058081190637258
2021-09-08,1.1689643108324566,1.2055761195378747
2021-09-09,1.160398293690576,1.205394564447675
2021-09-10,1.354998745386873,1.2054331354330692
2021-09-13,1.260414131942355,1.2055508268007618
2021-09-14,1.185320812269826,1.2056653714858032
2021-09-15,1.1255132429252,1.2058224346892872
2021-09-16,1.0967823740378033,1.2056352732066196
2021-09-17,1.3105557599736073,1.2050267714868412
2021-09-20,1.9594821458742613,1.205268703650767
2021-09-21,1.756317556707784,1.2052299183143438
2021-09-22,1.587903145660969,1.2053486748654931
2021-09-23,1.4495766678585855,1.2056329740016238
2021-09-24,1.336953276670505,1.2059387297868827
2021-09-27,1.3086442083316612,1.205988044716862
2021-09-28,1.9769435500286798,1.2065885429590322
2021-09-29,1.7719463874508168,1.2071900993629794
2021-09-30,1.612174878851547,1.2077877048554517
2021-10-01,1.4702448653200595,1.2084706185919458
2021-10-04,1.4792133558077416,1.2092419261669685
2021-10-05,1.3620874465319763,1.2100925039020778
2021-10-06,1.2672183237311556,1.2106359105858375
2021-10-07,1.1915469474594782,1.2112797711511574
2021-10-08,1.1317489880711182,1.211907382599842
2021-10-11,1.178009247841459,1.2123520775748273
2021-10-12,1.1210043122129372,1.2126872061665366
2021-10-13,1.0765764236690307,1.2131229945887598
2021-10-14,1.042356741235936,1.213734288878748
2021-10-15,1.0161356681073646,1.2143567927096222
2021-10-18,0.9959439020346477,1.2146653316860576
2021-10-19,0.9799880284983077,1.2141792487108318
2021-10-20,0.9678040545482334,1.2136772948358225
2021-10-21,0.958346025191319,1.2129619944581942
2021-10-22,0.9716742046591543,1.2121117671238077
2021-10-25,0.9608399138253988,1.211234936748441
2021-10-26,1.0122918630513633,1.2103864110274867
2021-10-27,1.0833739299060137,1.2087859760933695
2021-10-28,1.0449643649426519,1.2072049204671094
2021-10-29,1.0151299089279164,1.2056319289069943
2021-11-01,0.9941716471515369,1.2039665693033177
2021-11-02,0.9756469176910263,1.2022237595389638
2021-11-03,0.9613269579076622,1.2005255449177248
2021-11-04,0.9637261934802851,1.198848257286968
2021-11-05,1.0618157975844964,1.197219348323439
2021-11-08,1.07420649411554,1.1956150935815424
2021-11-09,1.0609987144195794,1.1939416719421432
2021-11-10,1.091866261041159,1.192351605861291
2021-11-11,1.048700796223594,1.1907568769484391
2021-11-12,1.0149921241073745,1.1890693066428046
2021-11-15,0.9927332632686385,1.1873582205888835
2021-11-16,0.9715314240929113,1.185655823584568
2021-11-17,1.0070909651069262,1.1839776906681985
2021-11-18,1.002028813956964,1.182324244866864
2021-11-19,0.986355619439561,1.1806524755405376
2021-11-22,1.0832658787204552,1.1791113840515661
2021-11-23,1.0427985845790164,1.177574588720392
2021-11-24,1.0082435955660716,1.176014357055219
2021-11-26,3.2868044906869653,1.1801672237441607
2021-11-29,2.887375742780977,1.1844048936069118
2021-11-30,2.826644130413307,1.1887051543591456
2021-12-01,2.680363057497995,1.1930363850277157
2021-12-02,2.3705302191703868,1.1973615243526075
2021-12-03,2.2128779270443277,1.2015747317582872
2021-12-06,1.9750261162830225,1.2058290177301259
2021-12-07,1.775931079743806,1.2102878252713278
2021-12-08,1.6104373319070817,1.2147449954620106
2021-12-09,1.5872932243287627,1.2192159447776265
2021-12-10,1.455967249631667,1.2238393129818963
2021-12-13,1.4780773795711781,1.2284364598952606
2021-12-14,1.4718402481247754,1.2328916886734211
2021-12-15,1.3634524150112464,1.2375468427498006
2021-12-16,1.3590408073343492,1.2422310075022278
2021-12-17,1.319354692264366,1.246849474475568
2021-12-20,1.3130564420465711,1.2514685165836175
2021-12-21,1.238183018781957,1.256175997223319
2021-12-22,1.179562461254172,1.26101668981818
2021-12-23,1.1342164237922143,1.2658418574213763
2021-12-27,1.0995945143551782,1.270580476790038
2021-12-28,1.0690560004040948,1.269885917710721
2021-12-29,1.0454850128050617,1.269096662985133
2021-12-30,1.0397551807997882,1.2682243586999897
2021-12-31,1.0227753360342633,1.2672888179101085
2022-01-03,1.0097491074519451,1.2663530834644814
2022-01-04,1.008622682671771,1.2653863868400042
2022-01-05,1.49738225580511,1.2651321480382989
2022-01-06,1.3826869493851457,1.2645068398391526
2022-01-07,1.2903291766057217,1.2638295802836712
2022-01-10,1.240624020402636,1.2630988892402686
2022-01-11,1.177196712533636,1.2621716285830547
2022-01-12,1.127365257580701,1.261191636508901
2022-01-13,1.496895723823139,1.260674819293223
2022-01-14,1.3815957295822827,1.2599689996186414
2022-01-18,1.7909639192345557,1.2597212691702875
2022-01-19,1.6552141613700628,1.2594562826870968
2022-01-20,1.5942100488956905,1.2591887388314749
2022-01-21,1.6988453019624832,1.2589748829901255
2022-01-24,1.567545157244282,1.2584577561444008
2022-01-25,1.4694011637398412,1.2579341063823655
2022-01-26,1.3715159554303407,1.2574165515055065
2022-01-27,1.2805621218824177,1.2569398840040045
2022-01-28,1.208303367536481,1.2566268849582998
2022-01-31,1.1515875042739914,1.2565708336580155
2022-02-01,1.1076631672128492,1.25689998647466
2022-02-02,1.0745308855495965,1.2571838529029873
2022-02-03,1.2633287030697908,1.257733461429726
2022-02-04,1.1949056414629566,1.2575237667734158
2022-02-07,1.1411121417284107,1.257320350586914
2022-02-08,1.0992572310428528,1.2571900667759033
2022-02-09,1.0670092708125831,1.2571811468519563
2022-02-10,1.6719949282219728,1.2580835425360273
2022-02-11,1.8111206475549881,1.2591536157276442
2022-02-14,1.6591032879239316,1.2596875612627125
2022-02-15,1.514974241365179,1.260286767366856
2022-02-16,1.3970794436967426,1.2604027356365106
2022-02-17,1.6771731216544106,1.2608682008838197
2022-02-18,1.5296849911011088,1.2612713585902124
2022-02-22,1.4351104737963556,1.2615006064207817
2022-02-23,1.4361860366958035,1.261803808838759
2022-02-24,1.3338553699708227,1.2620904658541716
2022-02-25,1.2521350534187596,1.2625358482039233
2022-02-28,1.3499936666518106,1.2631100617127553
2022-03-01,1.4574238614761321,1.263672348356171
2022-03-02,1.3513357924661065,1.2640664381273636
2022-03-03,1.2659247702766545,1.2640755088205768
2022-03-04,1.2475616056932821,1.2641329218084623
2022-03-07,1.5155482532733822,1.264287903920622
2022-03-08,1.3980952242247306,1.264414466858079
2022-03-09,1.3035808145258967,1.2646445397818313
2022-03-10,1.228246178907144,1.264867697429261
2022-03-11,1.1751891847698397,1.2649531643503644
2022-03-14,1.1508040510877602,1.2640974377001166
2022-03-15,1.107193836688048,1.2631284162744498
2022-03-16,1.0736353459159214,1.2625007184156372
2022-03-17,1.0477217283229359,1.2618022111250242
2022-03-18,1.0279310774560715,1.2612243051892078
2022-03-21,1.0125110310510204,1.2602837680459111
2022-03-22,1.0006972968885246,1.2593672411175383
2022-03-23,1.010770816753234,1.258459458226605
2022-03-24,0.9991657880452073,1.2577008022578344
2022-03-25,0.990315367951038,1.2569930119137498
2022-03-28,0.9834856582584212,1.2562353760342846
2022-03-29,0.9781219433179075,1.2553597556079295
2022-03-30,0.9872783862720788,1.2543177874844955
2022-03-31,1.0770718471856926,1.2533079286432365
2022-04-01,1.0484976051474795,1.2523641626939026
2022-04-04,1.0265368069387477,1.2514701274900653
2022-04-05,1.352055701515289,1.25069766130748
2022-04-06,1.3136722604972673,1.2499541527592122
2022-04-07,1.2329755909992703,1.2491153861833582
2022-04-08,1.1689385492830666,1.24818571214383
2022-04-11,1.5149029632289983,1.247746517526697
2022-04-12,1.3946937341222982,1.247283226857477
2022-04-13,1.2977620382797457,1.2469132383610337
2022-04-14,1.253044703113181,1.246222777837093
2022-04-18,1.1844928686995122,1.2455038113149233
2022-04-19,1.130405302535334,1.2446545544848981
2022-04-20,1.0882208452331723,1.2438695494303251
2022-04-21,1.3212332965831584,1.243409475595228
2022-04-22,2.006851115553917,1.2438427054897256
2022-04-25,1.8001047969493331,1.2440511613273788
2022-04-26,2.2554229049116263,1.244683911681998
2022-04-27,2.0085932689322643,1.2452165739340284
2022-04-28,1.8021209504359021,1.245718057989046
2022-04-29,1.8075405057702028,1.2463187232806865
2022-05-02,1.6353501643379011,1.2467932867961713
2022-05-03,1.493855631578902,1.247329189909384
2022-05-04,1.378911327098302,1.2480639647069376
2022-05-05,1.963210727354555,1.2490406382500132
2022-05-06,1.7653516250311156,1.2499750189503789
2022-05-09,1.8980296098849458,1.251105304920413
2022-05-10,1.7117011538232954,1.2522462425577487
2022-05-11,1.5572750624086937,1.2528914478118207
2022-05-12,1.4310461627774276,1.2535408441690283
2022-05-13,1.328890600463409,1.254144192666856
2022-05-16,1.2471581583744702,1.2547601045618242
2022-05-17,1.182497834247488,1.255417466821296
2022-05-18,1.6765178913450343,1.2567455971675414
2022-05-19,1.5297176916019504,1.258033164904646
2022-05-20,1.4097915292694874,1.2589739822569805
2022-05-23,1.3119909572859105,1.259022721002286
2022-05-24,1.2574476148134364,1.259077962637739
2022-05-25,1.1903051726343123,1.258686715588911
2022-05-26,1.137540694656679,1.2582980505428751
2022-05-27,1.0965161613036079,1.2580065230355524
2022-05-30,1.0886373611079128,1.2576252621508524
2022-05-31,1.0586059323468766,1.2572405784097171
2022-06-01,1.0354570469121354,1.256743090691172
2022-06-02,1.0175454289612822,1.255999749999975
2022-06-03,1.003453747813022,1.2545199831011062
2022-06-06,0.9956442738247432,1.2530414853467542
2022-06-07,0.9860583167338532,1.251417872654854
2022-06-08,0.9785304696329082,1.2497760199331718
2022-06-09,1.1509987054727733,1.2483952595232009
2022-06-10,1.1909138961318742,1.2471092590466963
2022-06-13,1.8599687416728272,1.2466632167510197
2022-06-14,1.6774803605407724,1.2461872892948316
2022-06-15,1.5271420955497232,1.2457727770343996
2022-06-16,1.601061185589108,1.2448110507221568
2022-06-17,1.4638253748313015,1.2438616482551426
2022-06-20,1.3523099970051247,1.2429167920661464
2022-06-21,1.2626037097997138,1.2419716228642264
2022-06-22,1.1911794272904481,1.2410455317997
2022-06-23,1.1350835933974202,1.2400937545201975
2022-06-24,1.0910035453654585,1.2392318427154783
2022-06-27,1.0566796733163746,1.23825750633703
2022-06-28,1.0941385213948003,1.2373375966162186
2022-06-29,1.05881003961995,1.2364183272663019
2022-06-30,1.0409395486770594,1.235503167134751
2022-07-01,1.0177869875371761,1.23470703731695
2022-07-04,1.0242292262965356,1.2339448058969251
2022-07-05,1.0048044347035896,1.233182001166089
2022-07-06,0.9898947762262411,1.2323888704463377
2022-07-07,0.9784941573663075,1.2316200891508713
2022-07-08,0.9696424371901222,1.2307074014565769
2022-07-11,1.0566914781524452,1.2298293832885927
2022-07-12,1.0715674967075104,1.2280069266905624
2022-07-13,1.0390328041019687,1.2261849468983055
2022-07-14,1.013708709640003,1.2242597077417847
2022-07-15,0.9941409759184056,1.2224122496113985
2022-07-18,1.0275188932569561,1.2205916221242878
2022-07-19,1.0040296808361793,1.2188105578800998
2022-07-20,0.9858537173435012,1.2170441766838211
2022-07-21,0.9717686020859081,1.2152836261548166
2022-07-22,0.9608161780486421,1.213530385280896
2022-07-25,0.9576921008340834,1.2116802944671503
2022-07-26,1.0303195213136553,1.209944117717839
2022-07-27,1.0043069849403619,1.2082482029781796
2022-07-28,0.984219231675545,1.2066096369580346
2022-07-29,0.9687320062845038,1.205037332201787
2022-08-01,1.0767496254933178,1.20346757995386
2022-08-02,1.092168910013465,1.2019345656066307
2022-08-03,1.0508112466090187,1.2006113942487802
2022-08-04,1.018654936668939,1.1992802491494639
2022-08-05,0.9937638451865715,1.1979395260195733
2022-08-08,0.9756292246545303,1.1964908390790128
2022-08-09,0.9737615149511711,1.1949331629844406
2022-08-10,0.9588750721548662,1.193654904903423
2022-08-11,0.9619029639209977,1.1923920781353756
2022-08-12,0.9494759333442844,1.1911667339209906
2022-08-15,0.9521831000390628,1.1897194375145763
2022-08-16,0.9414218926708684,1.188220328053682
2022-08-17,0.9361606592887783,1.186698514366644
2022-08-18,0.9287724026907777,1.1851721950839043
2022-08-19,0.9959533904756789,1.1837146953552617
2022-08-22,1.4275320115500036,1.1829359035890321
2022-08-23,1.3181563716039155,1.182156279008829
2022-08-24,1.2265205077779988,1.1813237710297717
2022-08-25,1.1532461229069881,1.1804259925975875
2022-08-26,1.5935823794206563,1.180093981003208
2022-08-29,1.46162232741567,1.1796995024157635
2022-08-30,1.3423083416264683,1.1791411976519182
2022-08-31,1.2457078421524046,1.1785265003384524
2022-09-01,1.1681422481872659,1.1777106843363527
2022-09-02,1.1066082884200714,1.176882525998241
2022-09-05,1.068284321704667,1.1760631054497035
2022-09-06,1.058633545661576,1.1752798866652998
2022-09-07,1.0209219245368373,1.1747036068728145
2022-09-08,0.9915134250225762,1.1738535768996063
2022-09-09,0.9688642753244646,1.1730292477172086
2022-09-12,1.0086195595961838,1.1722408848014132
2022-09-13,1.375370329765769,1.1719923498043834
2022-09-14,1.2717682430380153,1.1717678490212984
2022-09-15,1.188888092294645,1.1715408315547522
2022-09-16,1.1225978995170087,1.1713039810399348
2022-09-19,1.0702764614808644,1.1709784216628418
2022-09-20,1.0976730332845024,1.1700520296123589
2022-09-21,1.0723677149187214,1.1691511998026602
2022-09-22,1.0302021141504225,1.1682131124071498
2022-09-23,1.190179410005063,1.167472870776876
2022-09-26,1.2469208170529513,1.1662411157217876
2022-09-27,1.1692996981099415,1.1650091398783102
2022-09-28,1.105259004939566,1.1639197395009675
2022-09-29,1.1235843893539994,1.1629062490158009
2022-09-30,1.0690505787847457,1.1618957784586361
2022-10-03,1.0263944154173872,1.160956386777729
2022-10-04,0.9932530010022623,1.1600468645705655
2022-10-05,0.9676183834549652,1.1591178231741588
2022-10-06,1.0634011604281801,1.158118952439688
2022-10-07,1.0399578991478453,1.157088838421666
2022-10-10,1.0328819022521405,1.1560562806368901
2022-10-11,1.0301222451728727,1.1549925817943594
2022-10-12,0.9944769137591882,1.1533728538508266
2022-10-13,0.966829209322929,1.1518086091013557
2022-10-14,0.9456006091368596,1.150250890892939
2022-10-17,0.929024023370763,1.148714314353225
2022-10-18,0.9162106679143177,1.1472016004172938
2022-10-19,0.9082760285287728,1.1456189209331347
2022-10-20,0.8999391379421166,1.1440434135119175
2022-10-21,0.8933723971558557,1.1424630864933887
2022-10-24,0.8888073019502034,1.140644754513867
2022-10-25,0.8841644869592987,1.1387930927082408
2022-10-26,0.8803916764713305,1.1370172083130492
2022-10-27,0.8776053372672707,1.135108347251486
2022-10-28,0.8747363762871646,1.1332833290929503
2022-10-31,0.8730018144311043,1.1314651669406355
2022-11-01,0.8705482272683116,1.12958607640144
2022-11-02,0.8684404850074644,1.1276772623406042
2022-11-03,0.8663953877993581,1.1257844624971514
2022-11-04,0.8644162955428363,1.1237823009818226
2022-11-07,0.8625410598922234,1.121769377367737
2022-11-08,0.927163403074129,1.119822035861056
2022-11-09,0.9219808392802966,1.1178595797326245
2022-11-10,0.9050780739803611,1.1162840606225641
2022-11-11,0.891981661246463,1.114705297376845
2022-11-14,0.9594820978006833,1.1132366918135603
2022-11-15,0.9639266009401338,1.111796065832219
2022-11-16,0.9360848807666963,1.1103422229204831
2022-11-17,0.9145318999356994,1.1088938596637643
2022-11-18,0.8978891646522972,1.1074684049669319
2022-11-21,0.885054283080987,1.106087021892943
2022-11-22,0.8751836607249932,1.1048022248348344
2022-11-23,0.8675048910524943,1.1035109079660246
2022-11-24,0.8617951450315787,1.102152802473414
2022-11-25,0.857365548643051,1.1008005759446169
2022-11-28,1.0311418525110887,1.0995576164985625
2022-11-29,0.9861512095008554,1.0983248371952625
2022-11-30,0.9511291899631722,1.0972136692549908
2022-12-01,0.9240025909054584,1.0961513782320398
2022-12-02,0.9030899955153971,1.095129822441157
2022-12-05,1.0788869597877249,1.094337383077084
2022-12-06,1.1295103346140751,1.0936572808700173
2022-12-07,1.0756159351738892,1.092897438920963
2022-12-08,1.020307365454156,1.0921324535055261
2022-12-09,0.9917512873699736,1.0909992722270716
2022-12-12,1.1581081814752887,1.0900460595773007
2022-12-13,1.0850896737136522,1.0892249354472197
2022-12-14,1.0271925350196038,1.0884742697923548
2022-12-15,1.1282519878112336,1.087882004631017
2022-12-16,1.0612642196927211,1.0872927774983148
2022-12-19,1.0082558425320431,1.0866650836389287
2022-12-20,0.9667216869399383,1.0860514131476466
2022-12-21,0.9344708085328294,1.0854920690636114
2022-12-22,1.120362666282664,1.0851295019489609
2022-12-23,1.0548671992246228,1.0848299995851884
2022-12-27,1.0376592793398034,1.084566894202474
2022-12-28,1.0025516505397614,1.0840552532043741
2022-12-29,0.9619592881198249,1.0835702321492595
2022-12-30,0.9335232423458989,1.082973539842964
2023-01-03,0.9921947127454368,1.0824376323835012
2023-01-04,0.9535860611397381,1.0818945882108848
2023-01-05,0.9349280592644549,1.0811022375335277
2023-01-06,0.9089473450095996,1.0803256342418244
2023-01-09,0.9325475558919234,1.079594340481646
2023-01-10,0.907007896327259,1.0790022224258855
2023-01-11,0.9048397073515286,1.0784178410987089
2023-01-12,0.8857848790761784,1.0780437783318448
2023-01-13,0.8710514749427842,1.0774601635327405
2023-01-16,0.9638875162590291,1.076913439418415
2023-01-17,0.9305680652160808,1.0762042965905685
2023-01-18,0.9727020982808662,1.0755784490217346
2023-01-19,0.9393924291796267,1.0749559879362505
2023-01-20,0.9114060829290093,1.074319444113342
2023-01-23,0.8897195041135156,1.0735396946550229
2023-01-24,0.8728557406582144,1.0725215074766568
2023-01-25,0.8598328674806517,1.0714472007523284
2023-01-26,0.8497782863782765,1.0703552176730864
2023-01-27,0.8419947315749665,1.069259998316593
2023-01-30,0.9940812783671163,1.0683651117478519
2023-01-31,0.9523851426812578,1.0674927278440824
2023-02-01,0.9200088803919232,1.0667355098617464
2023-02-02,0.9572852114182063,1.066009667873608
2023-02-03,0.9235699453750106,1.0652887721176827
2023-02-06,0.991377314648666,1.0645595765385796
2023-02-07,0.9497665123597484,1.0638273938943292
2023-02-08,0.9877206305428677,1.063035088790582
2023-02-09,1.0227410874703333,1.062309446442043
2023-02-10,0.9734748625414013,1.0611249445753312
2023-02-13,0.934853393853817,1.059923189669893
2023-02-14,0.9048202119758377,1.0587592247532014
2023-02-15,0.8816034822980227,1.0576459218471936
2023-02-16,1.131556923888498,1.0568306221907084
2023-02-17,1.0589686567599628,1.0560180339369212
2023-02-20,1.0874390134623642,1.055260104429235
2023-02-21,1.1565164590268484,1.0546392710306212
2023-02-22,1.078746923054708,1.0539990645157138
2023-02-23,1.0168284634096352,1.053429160408995
2023-02-24,0.9843718199948636,1.0528654102020827
2023-02-27,0.9425303729854013,1.0523323695487088
2023-02-28,0.9097712173947909,1.0515771754845196
2023-03-01,0.8843978833081861,1.0508044118674036
2023-03-02,0.8647439089117657,1.0499055557525163
2023-03-03,0.8496703360715848,1.0490611802940761
2023-03-06,0.8393898784236083,1.0482075901270702
2023-03-07,0.909222329246263,1.0473472891071043
2023-03-08,0.8831317025223361,1.0464636448534654
2023-03-09,1.4918451689099643,1.0465267354444414
2023-03-10,1.5077521162313121,1.046612214719473
2023-03-13,1.4482091754991748,1.0467510133742406
2023-03-14,1.3157351967626312,1.0470529843326937
2023-03-15,1.3953883846442179,1.0473297245853381
2023-03-16,1.2726318807887849,1.0477971292192014
2023-03-17,1.3930072864131042,1.048071388789905
2023-03-20,1.2705865259792426,1.0483865603869595
2023-03-21,1.1709904730611604,1.0488718739674545
2023-03-22,1.1289284370587889,1.0492538148608277
2023-03-23,1.0629434622782155,1.0496245728830857
2023-03-24,1.0045167315679715,1.0499630393494812
2023-03-27,0.9586354927708446,1.0503640169008077
2023-03-28,0.9229117227557575,1.0507588457871768
2023-03-29,0.8953935916679323,1.0512097431055327
2023-03-30,0.874333682297554,1.051657691456683
2023-03-31,0.8582684475151117,1.0520255662292624
2023-04-03,0.8460274250873905,1.052267471700993
2023-04-04,0.8545974631368853,1.0525290741827515
2023-04-05,0.8438178239406893,1.0526844484459719
2023-04-06,0.8351733831965672,1.0528705561463858
2023-04-10,0.856768234705279,1.0520741913002143
2023-04-11,0.8454250812461149,1.051175222310724
2023-04-12,0.8352000862068921,1.0502248559237208
2023-04-13,0.827343043724911,1.049312054633892
2023-04-14,0.8212016561113354,1.0483234615327466
2023-04-17,0.8162212861718322,1.0471018403192691
2023-04-18,0.812113043855349,1.0456984288024918
2023-04-19,0.8087540639774246,1.0442780491803896
2023-04-20,0.8615964275691955,1.0426788364592425
2023-04-21,0.8453287975693247,1.0410734152786727
2023-04-24,0.8343003128370503,1.039470969291591
2023-04-25,1.1202694300926006,1.0382814069412976
2023-04-26,1.0471967780699099,1.037014908282422
2023-04-27,0.9887924999715563,1.0359846620486233
2023-04-28,0.9428307101489642,1.0350616155572576
2023-05-01,0.9170530213679032,1.0341529751443934
2023-05-02,1.1465487900652114,1.0335735909938877
2023-05-03,1.0910551681743688,1.0330149834344127
2023-05-04,1.217283720420182,1.0326308188312026
2023-05-05,1.1252483405897562,1.0327056134252393
2023-05-08,1.0512056677929396,1.0327296490369589
2023-05-09,1.0379530914256192,1.0327595402609457
2023-05-10,0.9818818788428678,1.032838595328428
2023-05-11,0.9378196543046003,1.0329172783916436
2023-05-12,0.9043409113824278,1.0327941885971281
2023-05-15,0.8782191822090885,1.0325988495054603
2023-05-16,0.9292963208794061,1.0324913423365836
2023-05-17,0.8967902764860912,1.032515627000386
2023-05-18,0.8717766067060988,1.0326045845336926
2023-05-19,0.9159358558327106,1.032693778426112
2023-05-22,0.9027189330018507,1.032779548596892
2023-05-23,1.026690101247694,1.0330498671409816
2023-05-24,1.1240602154689046,1.0330313276953416
2023-05-25,1.0503063153194883,1.0330581609957883
2023-05-26,0.9914922026924872,1.032927403063739
2023-05-29,0.9450339993883817,1.0326522938530664
2023-05-30,0.9087475689100907,1.0323673474107944
2023-05-31,0.901927735464433,1.031772550516828
2023-06-01,0.8755439429291941,1.0317994165534305
2023-06-02,0.8552927919724332,1.0318067435329157
2023-06-05,0.8419203549030039,1.031358847346548
2023-06-06,0.8293354013907763,1.0310231946954442
2023-06-07,0.8197176855478964,1.030644644870384
2023-06-08,0.8123686921589237,1.0302351362674445
2023-06-09,0.812308665471445,1.0298348857948054
2023-06-12,1.000784424339228,1.0297184022828767
2023-06-13,0.9519639404935463,1.0296218529149428
2023-06-14,0.9137808533778764,1.0295173393391681
2023-06-15,0.9388807208586191,1.0293430448591958
2023-06-16,0.9035615928092561,1.0292315249738515
2023-06-19,0.939547469795965,1.0291165648263563
2023-06-20,0.9040354528446326,1.028999142856786
2023-06-21,0.8764706680773751,1.028780548027615
2023-06-22,0.8551529757885428,1.0284197956087777
2023-06-23,0.8878334235654793,1.0280765652421031
2023-06-26,0.9618157203955444,1.0277511196783002
2023-06-27,0.9209607744089864,1.0274454379673892
2023-06-28,0.8892024493893391,1.027158311069915
2023-06-29,0.8666735509982983,1.0268501214880388
2023-06-30,0.847250458837291,1.0259015391352135
2023-07-03,0.8317333226461472,1.0247806965395083
2023-07-04,0.8226601290934186,1.0236656426783113
2023-07-05,0.8498807375155647,1.0224897319777837
2023-07-06,1.035725450107315,1.021596427166814
2023-07-07,0.9774708077482417,1.020730608926763
2023-07-10,0.9387193957727731,1.019868997469773
2023-07-11,0.9009248248327937,1.0187332310276327
2023-07-12,0.8717235616868457,1.0178672054840945
2023-07-13,0.8498928944284686,1.0169246166751988
2023-07-14,0.8322019033864319,1.0159372500307289
2023-07-17,0.8219342820444954,1.0148085060739294
2023-07-18,0.8104345945232101,1.0136161048444325
2023-07-19,0.8383494283411901,1.0124616259394723
2023-07-20,0.8310801405400083,1.011235681728053
2023-07-21,0.8166807160696279,1.0100284590049926
2023-07-24,0.8218127085899805,1.0087845696678752
2023-07-25,0.8090808562807551,1.0074235851914526
2023-07-26,0.7992608985806825,1.0061296397582173
2023-07-27,1.0176260374027386,1.0051573667839282
2023-07-28,0.9606488307388918,1.0043463784969806
2023-07-31,0.9297516442577555,1.003553316969258
2023-08-01,0.9052935523906044,1.0027789786388623
2023-08-02,1.3596926976342851,1.0026917731785776
2023-08-03,1.2371812753190214,1.0025571804141646
2023-08-04,1.2488872951551713,1.002231117058336
2023-08-07,1.1464383402521043,1.001977885983518
2023-08-08,1.0682052948754748,1.0017224525785573
2023-08-09,1.0007942445877673,1.0014610406800657
2023-08-10,0.9470315496328514,1.0009120800549867
2023-08-11,0.9048674179127018,1.0004956911451444
2023-08-14,0.8719880320279632,1.0000660258202954
2023-08-15,1.1372202055890497,1.0000258336663108
2023-08-16,1.065174864517559,0.9999860179022504
2023-08-17,1.100623603235911,0.9999952159885567
2023-08-18,1.0267250771262968,1.0000187778236969
2023-08-21,0.9678234529086388,1.0000126039205706
2023-08-22,0.921355260472311,0.9999880339284066
2023-08-23,0.8851539323756068,1.0000781209485587
2023-08-24,1.008947929280793,1.0002514683818264
2023-08-25,0.9538603293983873,1.0003162140043518
2023-08-28,0.9104400474495836,1.0002658286675596
2023-08-29,0.876639136703353,1.000260412092771
2023-08-30,0.8505501466697892,1.0002971938379113
2023-08-31,0.829977052694832,0.9996639055202503
2023-09-01,0.814217111095069,0.9990829334945123
2023-09-04,0.8929400091831479,0.9985339273154419
2023-09-05,0.8678580529095759,0.997879822423522
2023-09-06,0.8719488723543372,0.9972591498702832
2023-09-07,0.8458576263178101,0.9966417571023202
2023-09-08,0.8257950423682623,0.9960855866841967
2023-09-11,0.8102955905100311,0.9954008860755551
2023-09-12,0.8286677090366199,0.9947581474911377
2023-09-13,0.8120458607738852,0.9938396631247919
2023-09-14,0.7993370378007015,0.9930201931481554
2023-09-15,0.9494365192049441,0.9923296952122315
2023-09-18,0.9116377570065864,0.9916241041846452
2023-09-19,0.8773121132185513,0.9909214439096573
2023-09-20,0.9899831089468144,0.9903923404388788
2023-09-21,1.4179733876205154,0.9903411957502324
2023-09-22,1.2835479578106928,0.9901066851607457
2023-09-25,1.1728903529315944,0.9896489559434699
2023-09-26,1.3609134211991591,0.9894002728926247
2023-09-27,1.236395397920908,0.989114585879715
2023-09-28,1.134512217651269,0.9888156916230648
2023-09-29,1.0546303105828128,0.9885011562967441
2023-10-02,0.9885912704449701,0.9881375572257135
2023-10-03,1.2576304719590727,0.9880235543750969
2023-10-04,1.1519503739310997,0.9879698639128626
2023-10-05,1.0661646139316385,0.9878823715402558
2023-10-06,0.9973619904528146,0.9878736984048112
2023-10-09,0.9482424373544985,0.9878106883406355
2023-10-10,0.9040247209009276,0.9877919376062957
2023-10-11,0.8695865017351637,0.9878396428570783
2023-10-12,0.8834982988099072,0.9878188518144408
2023-10-13,1.360471719661971,0.98842696847061
2023-10-16,1.236989793005585,0.9889998038422454
2023-10-17,1.1691329864476496,0.9895878414774508
2023-10-18,1.200967215206144,0.9902723625346715
2023-10-19,1.3528186308592884,0.9909939192548056
2023-10-20,1.2348424482499782,0.9911234716219771
2023-10-23,1.1340763307643804,0.9913184674966969
2023-10-24,1.0526320211735913,0.9916127953994947
2023-10-25,1.0853262993220059,0.9917476029716431
2023-10-26,1.0281177442297162,0.9918729918694229
2023-10-27,0.988937502575365,0.9919749936364324
2023-10-30,0.9369365314683807,0.9922248092040432
2023-10-31,0.8963447774154765,0.9926932819355634
2023-11-01,0.864662891536349,0.9929677879971738
2023-11-02,0.8403644209508159,0.9933735067938948
2023-11-03,0.8218767936862557,0.9938679348887357
2023-11-06,0.807801750431379,0.9942812700639594
2023-11-07,0.7971886401599059,0.9946878465126635
2023-11-08,0.7892213985948431,0.9950737440009156
2023-11-09,0.883571172005968,0.995490755356372
2023-11-10,0.8555166859857264,0.9960575043640804
2023-11-13,0.8841245839812396,0.9959560472229686
2023-11-14,0.8553375754636293,0.9957229855737991
2023-11-15,0.833197405180789,0.9954658206086235
2023-11-16,0.819171828128873,0.9951122368858699
2023-11-17,0.805226489877227,0.9946020852582202
2023-11-20,0.7945926201519871,0.9941256399469838
2023-11-21,0.7864198191805699,0.9935812498230832
2023-11-22,0.7801312043496275,0.9929976072478724
2023-11-23,0.7752240785734148,0.9923236004449355
2023-11-24,0.7714310157104134,0.9916721333182656
2023-11-27,0.7797489749913109,0.9910189665188048
2023-11-28,0.7744591428861822,0.9902180305367096
2023-11-29,0.7872947732584029,0.9892222217479751
2023-11-30,0.7795015407297153,0.9880551806452917
2023-12-01,0.7732849022190981,0.9867159165636278
2023-12-04,0.8088688768892025,0.9853447822970394
2023-12-05,0.7949212715734811,0.9839920975292435
2023-12-06,0.7869907953718392,0.9826474240540195
2023-12-07,0.7794730912610133,0.9812846009186124
2023-12-08,0.7719549727801487,0.9799239970528327
2023-12-11,0.7828291077879003,0.9783886896320909
2023-12-12,0.7738190020928667,0.9768859237393075
2023-12-13,0.7700347264896564,0.9753330446570546
2023-12-14,0.7822433355420805,0.9738108132486515
2023-12-15,0.7725072815190805,0.9723020086372341
2023-12-18,0.7819987851652969,0.9707656792449967
2023-12-19,0.7717035700319133,0.96920065414753
2023-12-20,0.989514753806127,0.9679748509129769
2023-12-21,0.9321626724987436,0.9666892323802929
2023-12-22,0.8868833384386021,0.9654735522011982
2023-12-26,0.8513514996756628,0.9642302048784823
2023-12-27,0.8237162666841052,0.9630464848593758
2023-12-28,0.8026330768165488,0.9618682508535148
2023-12-29,0.7859827784372887,0.9606717837013846
2024-01-02,0.8811763296866297,0.9596235199285187
2024-01-03,0.9564089961935741,0.9586837288699542
2024-01-04,0.9060264631896797,0.9576931533638527
2024-01-05,0.8652562117662029,0.9567955831837854
2024-01-08,0.8334214900037076,0.9559129876719952
2024-01-09,0.8087359915324654,0.9550550392516653
2024-01-10,0.7895609032873905,0.9540621489190313
2024-01-11,0.7747742174336986,0.9530671665732695
2024-01-12,0.7778131420849098,0.9520039117566692
2024-01-15,0.8244892964738838,0.9510173752355947
2024-01-16,0.8605687700585003,0.9500819354139937
2024-01-17,0.957551182966216,0.9492922521542037
2024-01-18,0.9044945770981714,0.9485416300827286
2024-01-19,0.8627886299668072,0.9479091222263872
2024-01-22,0.8299120748609459,0.9469410731402457
2024-01-23,0.8044424677999042,0.9460692617351015
2024-01-24,0.852088220784679,0.9452185080710175
2024-01-25,0.8383916602638649,0.9443906035110683
2024-01-26,0.8105124823221417,0.9435025468964033
2024-01-29,0.8098809245808917,0.9426430607605406
2024-01-30,0.7883319605343933,0.9418055340674104
2024-01-31,0.9440472530546339,0.941057107725137
2024-02-01,0.8924527752211878,0.9402142819591712
2024-02-02,0.8518150573921548,0.9393743215566412
2024-02-05,0.8199791070509054,0.9384405681768025
2024-02-06,0.7953103092504208,0.937574963402927
2024-02-07,0.7762459043370212,0.9367027746302452
2024-02-08,0.7615636939875745,0.9358338121696608
2024-02-09,0.7543737508688912,0.9349573038379881
2024-02-12,0.9190400970577943,0.934312767760347
2024-02-13,1.2776755221886347,0.934091978340463
2024-02-14,1.1615502262063402,0.9339457457475783
2024-02-15,1.0664413570375073,0.93365766531422
2024-02-16,0.9963838176124701,0.9333176565350084
2024-02-19,0.9622331339129826,0.9328894661212549
2024-02-20,0.9679783654607163,0.9325214785730138
2024-02-21,0.9104264846762752,0.9320629120397399
2024-02-22,0.8649190320486654,0.931609124042911
2024-02-23,0.8293364648922656,0.9312433366204562
2024-02-26,0.8016816650017637,0.9308719911996494
2024-02-27,0.7803340361665637,0.930497653946532
2024-02-28,0.7942906420196577,0.9301444339456104
2024-02-29,0.7743999199380123,0.9295997138553778
2024-03-01,0.7591129244058489,0.929045858932701
2024-03-04,0.7754398932219054,0.9285300770572809
2024-03-05,0.9107410059945693,0.9282122171141682
2024-03-06,0.8648316206059998,0.9278165723891765
2024-03-07,0.8285970021669159,0.927410840997667
2024-03-08,0.8141165174592639,0.9270223298281439
2024-03-11,0.822523037975229,0.9266692808116606
2024-03-12,0.7957186336890698,0.9264039637220902
2024-03-13,0.7746385737878021,0.925638728662538
2024-03-14,0.8285418009973908,0.9248183648695565
2024-03-15,0.799574394287361,0.9239889544794353
2024-03-18,0.7771088031929635,0.9231586624194132
2024-03-19,0.7598006133190471,0.9223593161019191
2024-03-20,0.7465571940581646,0.9216484166969527
2024-03-21,0.7363970152030764,0.920944082993099
2024-03-22,0.7326815433733813,0.9201600665101698
2024-03-25,0.7290269871547966,0.9192779340330105
2024-03-26,0.7231088382809326,0.9184004420730644
2024-03-27,0.7180103258310426,0.9175657796583305
2024-03-28,0.7255475036136504,0.9167124892789451
2024-04-01,0.7988548579059903,0.9159293902916317
2024-04-02,0.9178074307827323,0.9153088986784735
2024-04-03,0.8678793948470029,0.9146663588434857
2024-04-04,1.2633584242011449,0.9143935629694688
2024-04-05,1.1472778216282227,0.914127991038454
2024-04-08,1.052334644492901,0.913917490805379
2024-04-09,0.9754008652856527,0.9136968753366732
2024-04-10,0.9916788673759264,0.9135116550980616
2024-04-11,0.9264561900057661,0.9130726586641394
2024-04-12,1.3897797552130338,0.9132745238973877
2024-04-15,1.4652989401483918,0.913526413411238
2024-04-16,1.3150676484500712,0.9137991923830968
2024-04-17,1.1904966493022986,0.9140706493482875
2024-04-18,1.0880881471645576,0.9142882805767556
2024-04-19,1.0429020088196206,0.9143887400881531
2024-04-22,0.968446857602419,0.9147090619426486
2024-04-23,0.9090122177396738,0.9151770123861285
2024-04-24,0.8714232978294763,0.9156467877953813
2024-04-25,0.8325573277558729,0.916160883251408
2024-04-26,0.8023121387589746,0.9166301544243458
2024-04-29,0.779015979296959,0.9171039941031769
2024-04-30,0.8935802638823219,0.9176371832047784
2024-05-01,0.8501156909503553,0.917996999995098
2024-05-02,0.816229930840569,0.9184203351407242
2024-05-03,0.7897576438376522,0.9185391358020626
2024-05-06,0.7694000753834119,0.9186512004019807
2024-05-07,0.7538198564643943,0.9187245767911076
2024-05-08,0.7419871319638907,0.9188064496943849
2024-05-09,0.7329999645293306,0.9188410069212192
2024-05-10,0.7261581893774937,0.9187971245057311
2024-05-13,0.9256543825856387,0.9184210211008892
2024-05-14,0.8746889847254281,0.9179114859287905
2024-05-15,0.8347013382042705,0.9175646810988313
2024-05-16,0.8035000983198447,0.9172182946278383
2024-05-17,0.7793770666371959,0.9169191872787918
2024-05-20,0.7668110327844795,0.9165975758204905
2024-05-21,0.7509863753757453,0.9160783612770252
2024-05-22,0.7823370756905236,0.9154626502484959
2024-05-23,0.81131750628222,0.9149000994644171
2024-05-24,0.7848795601874214,0.9144663164928493
2024-05-27,0.806217948200113,0.9140672032186693
2024-05-28,0.8440281914722991,0.9137221109287004
2024-05-29,1.086365308724464,0.9135545500953953
2024-05-30,1.007416456089536,0.9133828200705333
2024-05-31,0.9395403620920177,0.9134471019166901
2024-06-03,0.8914703001222195,0.9132495518750612
2024-06-04,0.8476831129614415,0.9130533390771868
2024-06-05,0.8129941328201575,0.9129002859020255
2024-06-06,0.7860569979333559,0.912735059039588
2024-06-07,0.7653024343356031,0.9125780865219152
2024-06-10,0.8077714899648291,0.912489164867178
2024-06-11,0.7842267172189431,0.9120974750540647
2024-06-12,0.7637284962602875,0.9118725503051399
2024-06-13,0.7478702882184851,0.911468015895237
2024-06-14,0.8489429450793499,0.9112163870343861
2024-06-17,0.815149873336186,0.9109197352127136
2024-06-18,0.787302455222896,0.9106653260117022
2024-06-19,0.7729651453979023,0.9103958984969123
2024-06-20,0.8784221718513257,0.9102307707389374
2024-06-21,0.8364827864337676,0.9100081538096239
2024-06-24,0.8066741721413919,0.9096151186078647
2024-06-25,0.7804155739091833,0.9092264866357558
2024-06-26,0.7601144703266739,0.9087859748037488
2024-06-27,0.744261534677159,0.9080250415049136
2024-06-28,0.7413933935502798,0.9072756912868326
2024-07-01,0.7295326942639377,0.9062294808711533
2024-07-02,0.7203775759974765,0.9051931970579541
2024-07-03,0.7141903863816706,0.9041621359026267
2024-07-04,0.7155456211870771,0.9030863679626662
2024-07-05,0.7207717114315739,0.9020298509472955
2024-07-08,0.7129421575415498,0.9009476211190082
2024-07-09,0.7114537539432904,0.8998019182020007
2024-07-10,0.731591640192806,0.898693031017822
2024-07-11,0.7213963958878641,0.8974175349300905
2024-07-12,0.7124386457794103,0.8962057420034755
2024-07-15,0.7978711474918743,0.8949724576767711
2024-07-16,0.7713094865227577,0.8937438156429391
2024-07-17,1.0084051685706494,0.892825281900104
2024-07-18,1.1630843615146753,0.8921185302413575
2024-07-19,1.093697257928354,0.8912765025512566
2024-07-22,1.0053087824146372,0.8906490217813076
2024-07-23,0.9338618270386685,0.890025062568465
2024-07-24,1.7135205863951561,0.8904907029273242
2024-07-25,1.5302300180038293,0.8909364421775551
2024-07-26,1.3674522587644513,0.8914975782356338
2024-07-29,1.2352112580445502,0.8920455078077576
2024-07-30,1.2132369282213593,0.892639542032505
2024-07-31,1.104661367116638,0.8933183777355082
2024-08-01,1.3743472879880108,0.8943144614731442
2024-08-02,2.0749123451365366,0.8959683900674175
2024-08-05,4.065798652171551,0.898997922133305
2024-08-06,3.5434774784101566,0.9021569553021249
2024-08-07,3.0931815659608475,0.9052814435301323
2024-08-08,2.7054334661935413,0.908407113578488
2024-08-09,2.372685111851128,0.9115838524239007
2024-08-12,2.091167425147972,0.9146731088208507
2024-08-13,1.8476733802271441,0.9177113271612158
2024-08-14,1.6413051270254415,0.9208135511600598
2024-08-15,1.4668555511705983,0.9235805866301001
2024-08-16,1.3206469550943585,0.9261253738020571
2024-08-19,1.1993969684804109,0.9286277747300045
2024-08-20,1.2454551505373448,0.9310201952696838
2024-08-21,1.1513368091049638,0.9333989243619258
2024-08-22,1.1934681579330049,0.9347820922546601
2024-08-23,1.0946897642711382,0.9363327869940258
2024-08-26,1.0228862048145921,0.9377410538096325
2024-08-27,0.956881177576401,0.939187725643814
2024-08-28,1.17435989202629,0.9408591945663283
2024-08-29,1.0800533820140559,0.9425699422324054
2024-08-30,1.003498699550727,0.9440017394051772
2024-09-02,0.9770796344208593,0.9448175823935538
2024-09-03,2.2745981798990345,0.9464962820846156
2024-09-04,2.0134402499205186,0.9480143922958132
2024-09-05,1.781166471725762,0.9495515720591484
2024-09-06,1.7990335405433664,0.9511286600665548
2024-09-09,1.6004464377166767,0.9527734945935471
2024-09-10,1.4338164485037825,0.9544090255231243
2024-09-11,1.2950668307079756,0.9560076234005668
2024-09-12,1.1805264317244235,0.957526181365293
2024-09-13,1.0869806566816174,0.9590176348743542
2024-09-16,1.041729427442654,0.9605154303810012
2024-09-17,0.9948266703300631,0.9620186214413938
2024-09-18,0.970969564919519,0.9634332857027518
2024-09-19,0.9196745119878011,0.9651627676200528
2024-09-20,0.8794382798127451,0.9667778607312023
2024-09-23,0.848149121322424,0.9682148521893269
2024-09-24,0.8241976607586314,0.9696721940944785
2024-09-25,0.8060530503633121,0.9710705185515623
2024-09-26,0.7921466909607083,0.972173577094132
2024-09-27,1.0581731899835678,0.973532588052398
2024-09-30,0.9902079781540846,0.9748486036303278
2024-10-01,1.3851299087089268,0.9766556650119835
2024-10-02,1.2547594016384178,0.9763245648860834
2024-10-03,1.287941976953931,0.9761007570942664
2024-10-04,1.1750525826532188,0.9759149860515516
2024-10-07,1.6082012560621883,0.9761371583952739
2024-10-08,1.440322713838812,0.9762370613739267
2024-10-09,1.3008514611591904,0.9763417291092295
2024-10-10,1.186167298487022,0.9763757985529956
2024-10-11,1.0923952361668372,0.9764000594018826
2024-10-14,1.01673899305574,0.9764391593949927
2024-10-15,1.0140379164508593,0.9765080644828286
2024-10-16,0.9542776577076506,0.9766306364230032
2024-10-17,0.9070677681408374,0.9767386160073739
2024-10-18,0.8699462052334042,0.9766245726992538
2024-10-21,0.8519234754366146,0.9765195481914328
2024-10-22,0.8272309471967306,0.9764096087196192
2024-10-23,0.9027296804691868,0.9763822509652661
2024-10-24,0.8665890790911226,0.976357344418528
2024-10-25,0.9560670625013709,0.9764737415824349
2024-10-28,0.9080995540137655,0.9762058266574729
2024-10-29,0.8705362140657905,0.9759524271192731
2024-10-30,0.9179198592469824,0.9752583719199749
2024-10-31,1.2828745628470464,0.9750861377334826
2024-11-01,1.1707277890269796,0.9748571341483837
2024-11-04,1.0798282030026813,0.9745634345695513
2024-11-05,1.005634599643429,0.9738661899871051
2024-11-06,0.947725802117891,0.9745247764936508
2024-11-07,0.90220388161435,0.9753059150851081
2024-11-08,0.866718618699287,0.9760915920137824
2024-11-11,0.8394380620391239,0.9768625778480821
2024-11-12,0.8184213340327828,0.9776087254111433
2024-11-13,0.8024993158875589,0.9783855988310539
2024-11-14,0.8042407027749839,0.979103690116629
2024-11-15,1.1778375643525723,0.9803919216313444
2024-11-18,1.0874788715188908,0.981587072042007
2024-11-19,1.0732044371879945,0.9828142306662028
2024-11-20,1.0628736406553698,0.9840837769214571
2024-11-21,0.995342909755226,0.9852333977286805
2024-11-22,0.9420505973672539,0.9866502784675024
2024-11-25,0.900208195919144,0.9879725421285755
2024-11-26,0.8677822630130212,0.9893059021354316
2024-11-27,0.8428888325277539,0.9906125377765013
2024-11-28,0.8239115802074881,0.9918292917634567
2024-11-29,0.8092322138916616,0.9925556830727433
2024-12-02,0.7981700345164556,0.993233338143661
2024-12-03,0.7899181274030873,0.9939067280182784
2024-12-04,0.7879215671626206,0.9944723525568722
2024-12-05,0.78275232864553,0.9936811742203836
2024-12-06,0.7772475821770048,0.9929109386042637
2024-12-09,1.0859006971173746,0.9926288007105174
2024-12-10,1.0135563112131463,0.9923481062611044
2024-12-11,0.9559799453963456,0.9921064499336752
2024-12-12,0.9279042967892756,0.9917942286583443
2024-12-13,0.8885089825094623,0.9914685653110743
2024-12-16,0.9667096958239324,0.990688978438743
2024-12-17,1.0748515450982057,0.9900606163260914
2024-12-18,4.158034242283246,0.9964722073394723
2024-12-19,3.637116858172143,1.0027836277083906
2024-12-20,3.187386929759235,1.0091643275502757
2024-12-23,2.7989170405712276,1.0152221274184285
2024-12-24,2.465158761621653,1.0212486827408886
2024-12-26,2.1915417860492643,1.027172785854454
2024-12-27,2.030543789234795,1.0330665767509855
2024-12-30,1.917422394778991,1.0389382118297508
2024-12-31,1.7145688437621862,1.044714135062793
2025-01-02,1.5626415135916492,1.050430591709895
2025-01-03,1.417965745707561,1.0562135749932398
2025-01-06,1.2986477813479682,1.0619286416704279
2025-01-07,1.42457235688469,1.0677671206775379
2025-01-08,1.305342741198648,1.073403303516437
2025-01-09,1.2170399319660796,1.0785318687920167
2025-01-10,1.2709800580654285,1.0837276668979159
2025-01-13,1.1810974168120087,1.088831325780077
2025-01-14,1.109189249857751,1.0938801890517993
2025-01-15,1.0529561187437966,1.099407147511785
2025-01-16,1.031476855775252,1.1047826084800574
2025-01-17,0.9930495032977963,1.1099916324008934
2025-01-20,0.9584276686323283,1.108820908893767
2025-01-21,0.9316230546739384,1.1077063925066064
2025-01-22,0.9110186298863486,1.1064603725393876
2025-01-23,0.8949078343606116,1.105200977198265
2025-01-24,0.8824143312526151,1.103867437693494
2025-01-27,1.6088929237211531,1.1038729165986454
2025-01-28,1.4545273706603117,1.1039312424240924
2025-01-29,1.329128661943606,1.1039425419830509
2025-01-30,1.2253985980080113,1.103987054271924
2025-01-31,1.1720337401286707,1.104047998956567
2025-02-03,1.4240421033101516,1.1043248326466266
2025-02-04,1.3030434850763808,1.104690908806622
2025-02-05,1.2046879429960275,1.105007947482732
2025-02-06,1.1256297757255713,1.105328543013343
2025-02-07,1.1620571311256602,1.1057396402408661
2025-02-10,1.0917454318658724,1.1060759720742515
2025-02-11,1.0405201660707974,1.1064088990965322
2025-02-12,0.9960017168659901,1.106728405707561
2025-02-13,0.9610472163218622,1.1065973576689943
2025-02-14,0.9340624368852438,1.1064599170326959
2025-02-17,0.9576878907034378,1.1063356705810403
2025-02-18,0.931444916245722,1.1062090182239521
2025-02-19,0.911268930667561,1.1060068227637658
2025-02-20,0.9142600286570556,1.1058282904682808
2025-02-21,1.41403723713345,1.1064629916992255
2025-02-24,1.3296915537070992,1.1071147420208982
2025-02-25,1.2371308613077276,1.1064390774010109
2025-02-26,1.15071656631857,1.1056855122502058
2025-02-27,1.3051985228309142,1.1051648365741646
2025-02-28,1.2056510539953091,1.1047085878185252
2025-03-03,1.5576295721383824,1.1046830387038629
2025-03-04,1.4300942290632461,1.1043299669935613
2025-03-05,1.3071153063138692,1.1039580644209273
2025-03-06,1.5116117001399534,1.103730227908976
2025-03-07,1.3740459031633552,1.1035479019961028
2025-03-10,1.7912291310717343,1.103754771677115
2025-03-11,1.6060130634587007,1.1039262203607632
2025-03-12,1.452464033289637,1.1042205431887238
2025-03-13,1.3322776602495443,1.104515586128145
2025-03-14,1.2285071281844482,1.1049916415973473
2025-03-17,1.1449210785027935,1.10551923728174
2025-03-18,1.1529305460434294,1.106061732454387
2025-03-19,1.084902008478185,1.1067693906139615
2025-03-20,1.0312014817677484,1.107472387014683
2025-03-21,0.9892451485855265,1.1081681154048786
2025-03-24,0.9563335045892726,1.108341837160359
2025-03-25,0.9310015187957537,1.1085008687412023
2025-03-26,1.0310209949365725,1.1088027272693732
2025-03-27,0.9989358718156036,1.1091076845825205
2025-03-28,1.4359990668520644,1.1098304302910424
2025-03-31,1.330119131506648,1.1104659076261638
2025-04-01,1.2272388911699303,1.1106543584752189
2025-04-02,1.1443600097871298,1.1108324554135067
2025-04-03,2.6471297588142524,1.1134829518227929
2025-04-04,3.78967395431322,1.116564857050409
2025-04-07,3.322871234339363,1.1195741315339507
2025-04-08,3.01396710665528,1.1221110105510952
2025-04-09,2.6481415143454856,1.1252689438529795
2025-04-10,2.718183503739216,1.12843400693173
2025-04-11,2.39604807130408,1.1315952279856965
2025-04-14,2.1222459706640984,1.1346789078853983
2025-04-15,1.890829817831314,1.1376731622043301
2025-04-16,1.7938966525416118,1.1406281848174715
2025-04-17,1.6158588180902438,1.1434842281378435
2025-04-21,1.7513863308819104,1.1465210961861976
2025-04-22,1.5814109522828026,1.1496168005035416
2025-04-23,1.440687548360157,1.1524683891543404
2025-04-24,1.32568137800906,1.155363651843003
2025-04-25,1.2326052944880612,1.1581608385712236
2025-04-28,1.161706312283789,1.1609287109896111
2025-04-29,1.101707315034261,1.163092594766212
2025-04-30,1.0664691219158668,1.1652412145131152
2025-05-01,1.027655488965052,1.1673656959153804
2025-05-02,0.9980883948829383,1.1696688146650744
2025-05-05,1.0188606165712757,1.1695926521657019
2025-05-06,1.044195998843129,1.1688893959652469
2025-05-07,1.008609815538199,1.16825959786342
2025-05-08,0.9811378251805402,1.1676697101492357
2025-05-09,0.9595228063990975,1.1664767258715452
2025-05-12,0.9435928189637732,1.1661808281737442
2025-05-13,0.9314496508131828,1.1658633487677705
2025-05-14,0.9353462909532492,1.165367181621312
2025-05-15,0.9249765294319634,1.1649368909945295
2025-05-16,0.9170703331806128,1.1644962704963895
2025-05-19,0.98251970361922,1.1640683639718072
2025-05-20,0.9603892273448302,1.1634414794049592
2025-05-21,1.399894446020842,1.1634127797132023
2025-05-22,1.2905955369518367,1.1633340414515514
2025-05-23,1.3832227629705924,1.1633469301975228
2025-05-26,1.277229105524925,1.1633943682174157
2025-05-27,1.192049129860007,1.1635664501866665
2025-05-28,1.1319545997962994,1.1637082985009604
2025-05-29,1.0767997083952057,1.1638383289787289
2025-05-30,1.0337187722006407,1.163995407207434
2025-06-02,1.0001799158151499,1.1639577363461269
2025-06-03,0.9743604302310311,1.163908805706014
2025-06-04,0.9545584591841403,1.1637953479886403
2025-06-05,1.0021101675963575,1.1636896751282104
2025-06-06,0.9759368053311649,1.1638124539632664
2025-06-09,0.9702853209236962,1.1639294824000292
2025-06-10,0.9507931762481261,1.1630037592372606
2025-06-11,0.9449502653579183,1.1620908518700248
2025-06-12,0.9819604106072709,1.1612305042496947
2025-06-13,1.4183447704983438,1.160985364248835
2025-06-16,1.305127662721161,1.1608143107319102
2025-06-17,1.5027014913148917,1.160823211346155
2025-06-18,1.3740858837787397,1.1608998406408713
2025-06-19,1.4464255390444405,1.1604311939964387
2025-06-20,1.3276066465636576,1.1600304633930956
2025-06-23,1.231259823108023,1.159489963734055
2025-06-24,1.1542736625254864,1.1591746736363766
2025-06-25,1.0931400971513212,1.1587742696487526
2025-06-26,1.045110375032226,1.158371116697926
2025-06-27,1.0077064572582632,1.1579767458805035
2025-06-30,0.9950799485468491,1.1575749478975434
2025-07-01,0.9699732202488892,1.157172465970393
2025-07-02,0.9497199460893723,1.1567327003244958
2025-07-03,0.9342438525353004,1.1563031194284654
2025-07-04,1.0352850911705433,1.1559461942495421
2025-07-07,1.0075165090458815,1.155302905735115
2025-07-08,0.9780276437810947,1.1547440443665427
2025-07-09,0.9554024785398038,1.154275081598836
2025-07-10,0.938069654130225,1.1538004680186258
2025-07-11,0.9658732090704245,1.153315171147939
2025-07-14,1.0060404703589216,1.1522242281778317
2025-07-15,0.9787018401944486,1.1510261821522567
2025-07-16,0.9544194549567816,1.1495600254010228
2025-07-17,0.935637487491817,1.1480805825376545
2025-07-18,0.9210008599344519,1.1464540566459698
2025-07-21,0.9156097705900696,1.1447620433959191
2025-07-22,0.905189577933816,1.1430525342257896
2025-07-23,0.8969167185419168,1.141205883265592
2025-07-24,0.8903746694510126,1.139324278684519
2025-07-25,0.8850914393439809,1.137483095259002
2025-07-28,0.8820995658087584,1.1356430319426962
2025-07-29,0.9835003914589969,1.1339393317104756
2025-07-30,0.9548622706966695,1.1322733521548585
2025-07-31,1.0862357478926938,1.1308094003854054
2025-08-01,1.7660823423611935,1.1303583750297954
2025-08-04,1.5870845988793414,1.1299788705989153
2025-08-05,1.4452904690753343,1.1295963385209782
2025-08-06,1.322667577284633,1.1291717212186994
2025-08-07,1.2230001504497048,1.1286576380816284
2025-08-08,1.1430599196892524,1.12830626161517
2025-08-11,1.1925684282253994,1.128017553054916
2025-08-12,1.1188943917993333,1.1278597093610534
2025-08-13,1.0605240591330307,1.1277058659065315
2025-08-14,1.0284974691266868,1.127562058602541
2025-08-15,0.9976933075850514,1.1273774399020053
2025-08-18,0.9658837756169217,1.127193573438032
2025-08-19,0.9806358223112187,1.1270499243600525
2025-08-20,0.9543422216375004,1.1269059215391497
2025-08-21,1.017687449072651,1.126676462876544
2025-08-22,0.9817905071857235,1.1271519897511604
2025-08-25,0.9956326310442021,1.1276373725626514
2025-08-26,0.9649119524599122,1.1281220997746655
2025-08-27,0.9480058860576763,1.1284629262851307
2025-08-28,0.928384868467814,1.1287975106280133
2025-08-29,1.0190767645275798,1.1290683876541756
2025-09-01,1.0424451007127424,1.128389789035686
2025-09-02,1.0992471441855103,1.127601839303218
2025-09-03,1.044494486342556,1.1268740550744791
2025-09-04,1.0016413190359112,1.1262157271144815
2025-09-05,0.9683224690153586,1.125560036604001
2025-09-08,0.9424453469565225,1.124744114899029
2025-09-09,0.9224322609275979,1.1238177307731
2025-09-10,0.9187972616415442,1.1227030631471528
2025-09-11,0.9039858339598027,1.121651994158616
2025-09-12,0.8929147506901205,1.120591731184913
2025-09-15,0.9882538418847661,1.1196693386888827
2025-09-16,1.0032650038748485,1.1188041866206972
2025-09-17,0.9681145118218196,1.1179436622656798
2025-09-18,0.9408932096683448,1.117085407656908
2025-09-19,0.9198334240502462,1.1161327985504235
2025-09-22,0.9508811660770234,1.1145339241135732
2025-09-23,0.9565988187322835,1.1129284505304013
2025-09-24,0.9305673882100104,1.1113513827768424
2025-09-25,0.9430153826953195,1.1098129464013293
2025-09-26,0.9198624636324716,1.108529512462343
2025-09-29,0.9794507032005235,1.1072102239412351
2025-09-30,0.9499550094609743,1.1058296577683202
2025-10-01,0.9242928626793567,1.104341034282436
2025-10-02,0.9166077481671208,1.102811784485458
2025-10-03,0.8982042885669163,1.1011632467531778
2025-10-06,0.8839119277394101,1.0995299995907342
2025-10-07,0.9496264086471058,1.0980049508085106
2025-10-08,0.9226928481352829,1.0965890114350043
2025-10-09,0.9036632447986362,1.095166064119958
2025-10-10,2.189660932656013,1.096449971498928
2025-10-13,1.9417274680036847,1.0978282160702557
2025-10-14,1.849959188739038,1.0991153187905263
2025-10-15,1.656135755305102,1.1003393113035633
2025-10-16,2.1019772691444594,1.101956951972263
2025-10-17,1.8690579766288686,1.1038248611079566
2025-10-20,1.6737303008549496,1.105816440463787
2025-10-21,1.5109450486367795,1.1077366492086465
2025-10-22,1.4067774450850425,1.109627532102552
2025-10-23,1.291445803740908,1.1115581604216669
2025-10-24,1.1980028430684129,1.1134896281510664
2025-10-27,1.122893612057705,1.1151588120084062
2025-10-28,1.1004424800960748,1.1167546480762907
2025-10-29,1.0681938531933237,1.1183586848592004
2025-10-30,1.02076751711641,1.1199514239465924
2025-10-31,1.0090785479832578,1.1215461702489113
2025-11-03,0.9752110848426613,1.1231369693853015
2025-11-04,1.1999825998738483,1.1250329915162487
2025-11-05,1.1263518757475393,1.1268762913470138
2025-11-06,1.2134841803666006,1.128757102303237
2025-11-07,1.137718791266102,1.1306319984858026
2025-11-10,1.0753250317927134,1.129968054415699
2025-11-11,1.0261165723249968,1.1292156853320805
2025-11-12,0.9922507142854572,1.128410893247668
2025-11-13,1.3598711644858126,1.1281571699014281
2025-11-14,1.2527460189519661,1.1274659533662204
2025-11-17,1.4577005741921076,1.1268061820916675
2025-11-18,1.509542169003569,1.1261444578738555
2025-11-19,1.3745081767672391,1.125506190120694
2025-11-20,1.495050076753284,1.1250464310418482
2025-11-21,1.3628648223503315,1.1247069218245256
2025-11-24,1.2553616626295387,1.1246025057770412
2025-11-25,1.1688025102642448,1.1246660304285891
2025-11-26,1.099803387883489,1.1248237621956605
2025-11-27,1.0453183228088945,1.1249582872266866
2025-11-28,1.002731355847617,1.1251651398794758
2025-12-01,1.0428157421136297,1.125428270481953
2025-12-02,1.0009401520570549,1.1257237991621214
2025-12-03,0.9682571455971807,1.125720889030669
2025-12-04,0.9430641505221158,1.1256690650453178
2025-12-05,0.9236816724391581,1.1254849194902614
2025-12-08,1.0698473797696566,1.1255087649592073
2025-12-09,1.0282629605310112,1.1253847182186187
2025-12-10,0.9893680528498987,1.1253973698209891
2025-12-11,0.9593793994035937,1.1255171611308288
2025-12-12,1.026251635808684,1.1251992943474503
2025-12-15,1.0447403064876937,1.1249460787077752
2025-12-16,1.0016169147932756,1.124409444997684
2025-12-17,1.0821111865238249,1.1238724429400342
2025-12-18,1.0306503907727391,1.1233630009930005
2025-12-19,0.9906326342292586,1.1230957964483705
2025-12-22,0.9595410590485434,1.1227348235447228
2025-12-23,0.9353557205683835,1.1220884403646623
2025-12-24,0.916662869325468,1.1213021305607156
2025-12-26,0.9048870515152706,1.1203916815114259
2025-12-29,0.9461184048521624,1.119554436371899
2025-12-30,0.9266514684604994,1.1186505620612721
2025-12-31,0.9594286487279813,1.1177285967532549
2026-01-02,0.9341358166776392,1.1167987625351312
2026-01-05,0.9345120673378167,1.1158678147522672
2026-01-06,0.9147622314022371,1.114933151359309
2026-01-07,0.9490294094494648,1.1140464514552344
2026-01-08,0.9259554308928698,1.1129454326246186
2026-01-09,0.9076944485893919,1.111987010715503
2026-01-12,0.9450233330452747,1.1109524562284383
2026-01-13,1.004726559816152,1.1099118289305687
2026-01-14,1.0255217130807128,1.1088282950935189
2026-01-15,0.9834924483695846,1.1077733883786882
2026-01-16,0.9508137167710613,1.1067235101867134
2026-01-19,1.551699729973554,1.106521750351072
2026-01-20,1.4819973279328138,1.1063225732127135
2026-01-21,1.3499960933276807,1.1060888445328432
2026-01-22,1.242290951428046,1.1058516482783756
2026-01-23,1.173391822027067,1.1056303559508487
2026-01-26,1.1004764858914524,1.10535806687245
2026-01-27,1.0461221190664118,1.1050876490125117
2026-01-28,0.9995643270945599,1.104748735233492
2026-01-29,0.9905373632528962,1.1044392658720532
2026-01-30,0.9849257779142547,1.104099810705536
2026-02-02,0.9519378656193901,1.103862986063035
2026-02-03,1.1612522051647522,1.1039110398940668
2026-02-04,1.11945798134633,1.103982146594772
2026-02-05,1.5429338145234874,1.1045626989899668
2026-02-06,1.4015192057192796,1.1056581623630335
2026-02-09,1.2855115308701048,1.106609199311121
2026-02-10,1.2044977808198736,1.1074986681707568
2026-02-11,1.126311491551072,1.1082806738367317
2026-02-12,1.6012925404185208,1.10963536713643
2026-02-13,1.4504711662077259,1.110893478241726
2026-02-16,1.3427261775954173,1.1121548111661432
2026-02-17,1.2378159087683434,1.1124647392164841
2026-02-18,1.153205806436995,1.1127440082966074
2026-02-19,1.1076954725916326,1.1126383563404598
2026-02-20,1.0493156569879247,1.1125178578342012
2026-02-23,1.21977150483195,1.1126331470884732
2026-02-24,1.1387091112307832,1.112852367567235
2026-02-25,1.0743448943425942,1.1132400873127055
2026-02-26,1.0605233462776764,1.1136636511981524
2026-02-27,1.1136163576384823,1.114163957413809
2026-03-02,1.191495025587602,1.1147713074886705
2026-03-03,1.310409134583547,1.1154359380977465
2026-03-04,1.21237754020767,1.1159976612878721
2026-03-05,1.4105913866176838,1.1168048549321408
2026-03-06,2.032282372112695,1.1177505786176092
2026-03-09,1.8096883267568482,1.1183315322389868
2026-03-10,1.623474052764626,1.1189058780791172
2026-03-11,1.4689496247319036,1.1194754271532719
2026-03-12,1.5943870797268775,1.120238387130168
2026-03-13,1.4445079065204178,1.1203597422256835
2026-03-16,1.3218557909242596,1.1207858992689015
2026-03-17,1.2222454630719641,1.1212406628373768
2026-03-18,1.4123119726179483,1.1219278532953891
2026-03-19,1.2960912051240836,1.1226155210044086
2026-03-20,1.4303939345508985,1.1234849157865896
2026-03-23,1.311155743609431,1.124275638800379
2026-03-24,1.2336076896647492,1.124829587093085
2026-03-25,1.1518730398789618,1.1253531445728493
2026-03-26,1.23137054374384,1.1258488157830073
2026-03-27,1.4572651234418532,1.1266100319098886
2026-03-30,1.333332603666467,1.1272613113204941
2026-03-31,1.2331592159976748,1.128402518607611
2026-04-01,1.1524818367332303,1.1293646373071895
2026-04-02,1.088174877489827,1.1301349689307025
2026-04-06,1.041274787940244,1.130632332812042
2026-04-07,1.1036341024089462,1.130542061137046
2026-04-08,1.0498245453407917,1.131334422706213
2026-04-09,1.007965999426568,1.1322795838484414
2026-04-10,0.9756279331794473,1.133214839295709
2026-04-13,0.9507112747832541,1.13394944331747
2026-04-14,0.93181508680639,1.1347350950772608
2026-04-15,0.917325438435019,1.1352170136145776
2026-04-16,0.9064004810237031,1.135659674374326
2026-04-17,0.8980397251792372,1.1358612503294583
2026-04-20,1.0497434086480373,1.1362580851197495
2026-04-21,1.0356943062506427,1.136478070179975
2026-04-22,0.9972177074240108,1.1367145288065954
2026-04-23,0.9786963042742116,1.1369466161610229
2026-04-24,0.9532699470769022,1.137133448633009
2026-04-27,0.9337723684067761,1.137221756738764
2026-04-28,0.9187103134285585,1.1370100052330234
2026-04-29,0.9863943248011923,1.1369008452807132
2026-04-30,0.9587006832166126,1.136528736108331
2026-05-01,0.9383876661593544,1.1361434187636699
2026-05-04,1.0650430808187996,1.1359322426976004
2026-05-05,1.019624719198196,1.1357887004192286
2026-05-06,0.9842252486092805,1.1355291911703547
2026-05-07,0.9560272611175897,1.1342499724487545
2026-05-08,0.9352483520434559,1.132815714933369
2026-05-11,1.0376909713397338,1.1315391075875372
2026-05-12,0.9966121733151768,1.1302801210319502
2026-05-13,0.964596415087678,1.1289721874342167
2026-05-14,0.9398275778035032,1.1277057541752635
2026-05-15,1.0355944206106944,1.126587551857378
2026-05-18,0.9942782286664031,1.1254811131245162
2026-05-19,0.9667881567334179,1.1241603106318956
2026-05-20,0.940609132424303,1.1228544500512967
2026-05-21,0.9204048696090216,1.1215823447255222
2026-05-22,0.9048121351971358,1.120303171467438
2026-05-25,0.8927541520485918,1.1189988900798786
2026-05-26,0.901669112257928,1.117675387579059
2026-05-27,0.8899285072408907,1.1164233390609497
2026-05-28,0.8807950340459465,1.1151155366149286
2026-05-29,0.8734104602075705,1.1134683542876287
2026-06-01,0.9304750399661456,1.111912223154328
2026-06-02,0.9103105008731912,1.1101794827864548
2026-06-03,0.9042580074292955,1.1083934481942772
2026-06-04,0.8897771406369125,1.1066791079621952
2026-06-05,2.577548393338135,1.1091766405762429
2026-06-08,2.27375658327799,1.1117274989852504
2026-06-09,2.0468766743504605,1.1141127267920423
2026-06-10,1.9964350628057004,1.116556167866176
2026-06-11,1.7826407938785647,1.1191141872034327
2026-06-12,1.6038965178589297,1.1216978256197165
2026-06-15,1.4556048598434947,1.1242023412179856
2026-06-16,1.3370713593522225,1.1266575628823514
2026-06-17,1.498958758605453,1.129319451705318
2026-06-18,1.3703790628873458,1.1321071981044906
2026-06-19,1.2764418247613167,1.134827475874637
2026-06-22,1.2088486207958382,1.1375419130739755
2026-06-23,1.4328348739474481,1.1405372681328743
2026-06-24,1.3178503587281827,1.143515411352204
2026-06-25,1.2288637922894465,1.1464050383699471
2026-06-26,1.153570897691165,1.1492412436037962
2026-06-29,1.0940819768189218,1.1520687167005275
2026-06-30,1.0476902194828395,1.154919706299966
2026-07-01,1.0137858945556502,1.1577397324096639
2026-07-02,0.9861395824121452,1.160547694840673
2026-07-03,0.965311058674871,1.1632863843439414
2026-07-06,0.9465993133316758,1.1620021566245047
2026-07-07,0.9664682778032604,1.1606964254274241
2026-07-08,1.00517353725613,1.1594561673474335
2026-07-09,0.9764299974908596,1.158265384098135
2026-07-10,0.9541957912294521,1.1570400528935894
2026-07-13,1.340303698420623,1.1563409306947496
2026-07-14,1.240736139555869,1.1555845793363635
2026-07-15,1.1608551227435748,1.154883703235958
2026-07-16,1.1948712650323465,1.154059471604475
2026-07-17,1.398278701833079,1.1533457608193651
2026-07-20,1.2872214494794592,1.1526278913855936
2026-07-21,1.1977216771854804,1.152048811465903
2026-07-22,1.1259442757081721,1.1511845707791606
2026-07-23,1.3621404509080552,1.150628527371019
2026-07-24,1.257785854587338,1.1500726533571695
2026-07-27,1.1743109656304842,1.1495065358665866
2026-07-28,1.1072672360365405,1.1489157932590186
2026-07-29,1.3946736779619813,1.1486023176017015
2026-07-30,1.2847571786139202,1.1488626027510862
2026-07-31,1.196138848127591,1.1491824763717902
2026-08-03,1.1253938990415757,1.1494872439483614
2026-08-04,1.1071707348010964,1.1498205320831596
2026-08-05,1.0552895962720377,1.1501539427398404
2026-08-06,1.0148176939726663,1.1504623957348628
2026-08-07,0.9834310794356664,1.1506463766075137
2026-08-10,0.99572538985405,1.1507821531462852
2026-08-11,0.9682472556119123,1.1503148612445204
2026-08-12,0.9471798857661621,1.1499026063106388
2026-08-13,0.9318698492815399,1.1499026063106388